item_id,order_id,product_id,quantity,unit_price,discount_percent
OI000001,O00001,P0050,3,30456.9,5
OI000002,O00002,P0017,4,39891.83,15
OI000003,O00003,P0022,4,47763.8,30
OI000004,O00003,P0070,2,12356.96,5
OI000005,O00003,P0012,1,21885.95,0
OI000006,O00003,P0021,3,45156.76,15
OI000007,O00004,P0033,4,47587.32,0
OI000008,O00004,P0018,5,31769.02,30
OI000009,O00005,P0043,2,46606.05,0
OI000010,O00006,P0049,4,32782.5,25
OI000011,O00006,P0030,2,13139.92,15
OI000012,O00006,P0012,1,4684.69,10
OI000013,O00007,P0074,3,6589.02,20
OI000014,O00008,P0074,1,15712.25,10
OI000015,O00008,P0050,4,16152.24,20
OI000016,O00008,P0017,5,33271.2,10
OI000017,O00008,P0014,4,707.13,30
OI000018,O00009,P0019,3,41901.53,30
OI000019,O00009,P0059,2,30172.9,5
OI000020,O00009,P0005,5,16176.93,0
OI000021,O00010,P0074,4,31646.08,10
OI000022,O00010,P0064,3,35280.99,25
OI000023,O00010,P0008,3,7846.94,10
OI000024,O00011,P0007,2,42874.75,25
OI000025,O00011,P0039,2,49555.39,25
OI000026,O00012,P0055,4,49518.14,25
OI000027,O00012,P0051,1,26510.26,15
OI000028,O00012,P0037,2,35130.16,25
OI000029,O00013,P0017,3,37675.26,0
OI000030,O00014,P0059,2,28963.58,30
OI000031,O00014,P0062,3,44886.6,10
OI000032,O00014,P0028,2,36832.12,0
OI000033,O00015,P0074,-3,39328.59,5
OI000034,O00015,P0049,4,34052.4,5
OI000035,O00015,P0008,1,17940.3,30
OI000036,O00016,P0007,1,49018.77,20
OI000037,O00016,P0076,4,48493.92,25
OI000038,O00017,P0005,1,12232.56,30
OI000039,O00017,P0039,5,47739.13,25
OI000040,O00018,P0060,4,13942.0,30
OI000041,O00019,P0002,1,6052.22,0
OI000042,O00019,P0063,5,11440.52,30
OI000043,O00019,P0036,1,39768.6,5
OI000044,O00020,P0062,4,15093.58,5
OI000045,O00020,P0013,3,3409.04,5
OI000046,O00020,P0052,1,19841.38,30
OI000047,O00020,P0009,5,41897.91,0
OI000048,O00021,P0016,2,43134.67,5
OI000049,O00021,P0001,5,22499.84,20
OI000050,O00022,P0006,2,28860.28,5
OI000051,O00023,P0072,3,42609.64,0
OI000052,O00024,P0016,5,15104.25,5
OI000053,O00025,P0001,2,15204.85,15
OI000054,O00025,P0069,4,7207.79,30
OI000055,O00025,P0041,5,45561.46,20
OI000056,O00025,P0078,5,25651.87,0
OI000057,O00026,P0031,1,9606.66,15
OI000058,O00027,P0018,5,27715.51,20
OI000059,O00027,P0036,2,36522.94,25
OI000060,O00028,P0071,3,13218.55,5
OI000061,O00029,P0059,1,47250.84,25
OI000062,O00029,P0019,5,10387.2,15
OI000063,O00029,P0025,3,28291.2,5
OI000064,O00029,P0054,2,15988.93,25
OI000065,O00030,P0004,5,12563.01,15
OI000066,O00030,P0016,-1,34277.97,25
OI000067,O00030,P0009,3,32098.83,20
OI000068,O00030,P0043,3,7529.9,10
OI000069,O00031,P0002,1,19013.51,10
OI000070,O00031,P0049,1,39191.0,0
OI000071,O00031,P0023,5,36484.29,15
OI000072,O00032,P0013,5,17607.79,15
OI000073,O00032,P0071,3,30471.48,0
OI000074,O00032,P0022,3,47338.89,25
OI000075,O00032,P0024,3,40352.73,25
OI000076,O00033,P0076,2,13138.29,5
OI000077,O00033,P0017,2,19095.33,15
OI000078,O00033,P0007,3,35448.25,10
OI000079,O00033,P0078,4,35412.64,5
OI000080,O00034,P0046,4,25235.9,15
OI000081,O00034,P0055,5,47098.43,10
OI000082,O00034,P0040,1,47385.87,25
OI000083,O00034,P0041,1,31825.16,0
OI000084,O00035,P0012,2,28872.01,0
OI000085,O00035,P0037,5,46497.05,0
OI000086,O00036,P0066,2,24112.88,0
OI000087,O00036,P0052,1,30910.26,0
OI000088,O00036,P0055,5,37545.98,10
OI000089,O00036,P0068,5,2357.21,30
OI000090,O00037,P0068,2,8947.01,20
OI000091,O00037,P0018,5,17826.25,0
OI000092,O00038,P0064,4,8731.58,0
OI000093,O00038,P0044,2,41628.39,0
OI000094,O00038,P0038,3,24285.45,15
OI000095,O00038,P0028,1,36966.78,25
OI000096,O00039,P0040,5,41329.94,0
OI000097,O00039,P0060,5,42455.5,0
OI000098,O00040,P0001,5,23152.61,15
OI000099,O00040,P0046,-1,17648.65,5
OI000100,O00040,P0052,3,690.97,25
OI000101,O00041,P0026,1,26572.55,5
OI000102,O00041,P0053,1,45677.18,0
OI000103,O00041,P0020,3,11498.24,25
OI000104,O00041,P0048,3,18383.66,5
OI000105,O00042,P0014,4,32899.91,30
OI000106,O00042,P0021,2,17848.45,25
OI000107,O00042,P0001,3,44207.92,10
OI000108,O00043,P0025,3,2252.75,25
OI000109,O00044,P0043,1,8225.55,10
OI000110,O00044,P0062,3,6159.92,30
OI000111,O00044,P0071,4,40041.05,5
OI000112,O00044,P0042,4,25217.46,25
OI000113,O00045,P0015,1,39687.47,5
OI000114,O00045,P0020,3,25125.05,10
OI000115,O00046,P0044,4,48827.82,0
OI000116,O00047,P0062,3,14290.61,0
OI000117,O00047,P0055,2,30976.25,5
OI000118,O00047,P0032,3,38394.7,15
OI000119,O00047,P0032,4,10121.02,0
OI000120,O00048,P0025,5,31538.17,5
OI000121,O00048,P0030,1,6831.72,0
OI000122,O00049,P0025,2,21458.57,10
OI000123,O00049,P0012,1,19172.54,15
OI000124,O00049,P0030,2,16974.85,30
OI000125,O00050,P0066,4,32282.69,15
OI000126,O00051,P0035,3,14207.66,20
OI000127,O00052,P0032,3,44781.54,5
OI000128,O00052,P0006,1,2843.5,20
OI000129,O00052,P0028,3,23734.89,0
OI000130,O00052,P0056,2,12800.09,30
OI000131,O00053,P0043,3,5798.55,0
OI000132,O00053,P0071,-2,18188.29,20
OI000133,O00053,P0076,5,30334.51,10
OI000134,O00054,P0027,5,19356.46,0
OI000135,O00054,P0017,5,6237.63,10
OI000136,O00054,P0025,4,46293.66,0
OI000137,O00055,P0039,4,49484.82,10
OI000138,O00055,P0069,2,2429.6,10
OI000139,O00055,P0054,5,35652.26,20
OI000140,O00056,P0058,1,45564.75,0
OI000141,O00056,P0062,4,26307.2,0
OI000142,O00056,P0022,5,13888.89,5
OI000143,O00057,P0006,5,3274.47,10
OI000144,O00057,P0051,4,34313.54,0
OI000145,O00057,P0022,4,37598.71,25
OI000146,O00058,P0052,5,13756.84,5
OI000147,O00058,P0001,2,28701.92,0
OI000148,O00058,P0066,4,25314.93,15
OI000149,O00058,P0039,2,14994.09,15
OI000150,O00059,P0022,2,2519.22,10
OI000151,O00060,P0006,2,47116.79,15
OI000152,O00060,P0018,3,43700.8,0
OI000153,O00060,P0032,2,26846.1,0
OI000154,O00061,P0078,3,16396.95,15
OI000155,O00061,P0018,4,44942.2,15
OI000156,O00061,P0042,1,31391.28,0
OI000157,O00062,P0029,3,9042.58,0
OI000158,O00062,P0069,5,5545.53,25
OI000159,O00062,P0033,5,27656.17,30
OI000160,O00063,P0042,3,10394.95,25
OI000161,O00063,P0020,4,11778.23,25
OI000162,O00064,P0019,4,4911.13,5
OI000163,O00064,P0059,2,40826.0,5
OI000164,O00064,P0025,5,24653.29,5
OI000165,O00065,P0003,-1,44291.34,25
OI000166,O00065,P0078,2,3705.34,0
OI000167,O00065,P0055,2,22887.45,25
OI000168,O00066,P0068,2,36406.54,0
OI000169,O00067,P0049,4,1280.62,0
OI000170,O00068,P0017,2,38563.35,15
OI000171,O00069,P0077,1,39671.92,0
OI000172,O00069,P0014,5,36872.54,20
OI000173,O00070,P0026,2,24151.17,30
OI000174,O00071,P0040,3,24075.69,10
OI000175,O00071,P0008,5,34679.05,0
OI000176,O00072,P0006,1,27345.94,0
OI000177,O00073,P0019,1,45630.31,0
OI000178,O00073,P0030,4,19422.81,20
OI000179,O00073,P0037,2,46104.12,25
OI000180,O00073,P0015,4,8685.56,0
OI000181,O00074,P0014,3,18026.07,20
OI000182,O00074,P0016,3,46185.15,0
OI000183,O00075,P0078,2,9108.87,20
OI000184,O00076,P0055,2,44682.6,15
OI000185,O00076,P0080,3,17582.19,0
OI000186,O00077,P0064,3,46660.87,0
OI000187,O00077,P0001,2,38944.76,5
OI000188,O00077,P0041,2,19682.33,30
OI000189,O00078,P0015,5,21515.79,15
OI000190,O00079,P0012,3,49739.89,5
OI000191,O00079,P0050,3,16135.96,25
OI000192,O00080,P0053,5,39726.7,20
OI000193,O00080,P0018,2,19313.46,30
OI000194,O00080,P0069,5,24756.92,10
OI000195,O00080,P0050,1,29152.96,25
OI000196,O00081,P0012,2,18245.04,10
OI000197,O00081,P0003,3,28029.13,5
OI000198,O00082,P0008,-2,42475.39,5
OI000199,O00083,P0059,2,41803.8,25
OI000200,O00083,P0032,2,41434.13,0
OI000201,O00083,P0018,1,48112.09,5
OI000202,O00084,P0004,4,18741.29,0
OI000203,O00084,P0075,1,23972.12,5
OI000204,O00084,P0004,2,18420.9,0
OI000205,O00084,P0032,1,870.77,25
OI000206,O00085,P0024,4,37242.01,15
OI000207,O00085,P0061,4,36197.23,30
OI000208,O00086,P0037,1,8005.39,0
OI000209,O00087,P0065,2,790.66,25
OI000210,O00087,P0059,5,35642.49,15
OI000211,O00088,P0030,4,46589.65,15
OI000212,O00088,P0012,5,19033.62,5
OI000213,O00088,P0028,4,31047.43,10
OI000214,O00089,P0024,5,30352.9,0
OI000215,O00089,P0060,4,15831.19,25
OI000216,O00089,P0049,2,2969.92,20
OI000217,O00089,P0055,2,13678.5,0
OI000218,O00090,P0047,5,38995.16,20
OI000219,O00091,P0031,3,8347.33,0
OI000220,O00092,P0028,5,796.11,15
OI000221,O00093,P0071,2,32009.85,0
OI000222,O00093,P0031,3,4480.71,0
OI000223,O00094,P0006,1,15900.37,15
OI000224,O00094,P0002,3,37646.05,25
OI000225,O00094,P0065,2,15895.0,25
OI000226,O00094,P0046,2,35207.18,0
OI000227,O00095,P0053,5,5274.89,5
OI000228,O00095,P0004,5,39854.45,30
OI000229,O00095,P0076,1,14683.44,5
OI000230,O00096,P0011,1,47652.71,10
OI000231,O00096,P0028,-3,8262.09,20
OI000232,O00096,P0058,2,17116.28,20
OI000233,O00096,P0080,4,2240.64,25
OI000234,O00097,P0027,5,30442.13,5
OI000235,O00097,P0073,4,5095.95,0
OI000236,O00098,P0040,5,43409.8,0
OI000237,O00098,P0064,1,22876.69,5
OI000238,O00099,P0021,1,14185.84,20
OI000239,O00099,P0046,1,3788.91,30
OI000240,O00099,P0034,4,48929.57,30
OI000241,O00100,P0016,5,24540.89,20
OI000242,O00100,P0037,4,20599.4,5
OI000243,O00101,P0047,5,42280.57,20
OI000244,O00101,P0048,1,34189.49,30
OI000245,O00101,P0034,1,31125.53,0
OI000246,O00101,P0032,5,645.16,0
OI000247,O00102,P0049,2,28614.15,0
OI000248,O00102,P0029,4,43739.4,0
OI000249,O00102,P0045,4,23557.31,30
OI000250,O00103,P0011,2,36655.96,25
OI000251,O00104,P0026,4,16603.85,20
OI000252,O00104,P0044,5,24443.18,30
OI000253,O00104,P0015,3,22865.29,5
OI000254,O00104,P0061,2,32100.77,20
OI000255,O00105,P0077,4,3354.41,20
OI000256,O00106,P0061,2,2940.36,0
OI000257,O00106,P0055,3,12790.55,5
OI000258,O00106,P0011,2,3695.64,25
OI000259,O00106,P0011,3,43720.35,30
OI000260,O00107,P0068,2,33564.81,15
OI000261,O00107,P0024,1,4848.95,25
OI000262,O00107,P0044,3,8435.53,20
OI000263,O00107,P0054,4,23906.1,5
OI000264,O00108,P0046,-2,41195.03,10
OI000265,O00108,P0010,5,30921.49,20
OI000266,O00108,P0041,1,7737.69,30
OI000267,O00108,P0019,4,43248.99,0
OI000268,O00109,P0034,5,36183.73,30
OI000269,O00109,P0017,4,32036.09,0
OI000270,O00109,P0005,2,37348.95,10
OI000271,O00109,P0054,5,38775.62,25
OI000272,O00110,P0045,2,47630.75,0
OI000273,O00110,P0048,3,1055.52,15
OI000274,O00111,P0064,4,20849.17,20
OI000275,O00112,P0070,4,26277.7,20
OI000276,O00112,P0015,2,23076.47,20
OI000277,O00112,P0023,5,29845.87,25
OI000278,O00113,P0037,4,31796.83,0
OI000279,O00113,P0012,1,4709.49,0
OI000280,O00113,P0079,4,5407.85,0
OI000281,O00113,P0057,5,29166.37,0
OI000282,O00114,P0054,2,11338.25,30
OI000283,O00114,P0071,4,5946.43,30
OI000284,O00114,P0016,3,48388.9,30
OI000285,O00115,P0051,1,46995.94,10
OI000286,O00115,P0065,3,13563.55,15
OI000287,O00115,P0040,4,33746.72,0
OI000288,O00115,P0054,1,1022.62,5
OI000289,O00116,P0067,5,16044.18,5
OI000290,O00116,P0074,4,12281.1,25
OI000291,O00116,P0025,5,32310.61,0
OI000292,O00117,P0017,4,48873.44,5
OI000293,O00117,P0052,3,25984.53,25
OI000294,O00117,P0030,1,35573.74,5
OI000295,O00117,P0065,1,31664.19,25
OI000296,O00118,P0071,2,47447.84,10
OI000297,O00118,P0012,-1,22011.7,5
OI000298,O00118,P0004,5,35451.9,0
OI000299,O00119,P0004,2,49174.86,20
OI000300,O00119,P0024,2,32713.01,10
OI000301,O00119,P0039,2,26887.01,10
OI000302,O00119,P0049,3,33048.07,15
OI000303,O00120,P0019,1,32009.73,0
OI000304,O00121,P0059,5,6353.55,5
OI000305,O00122,P0034,2,4865.66,30
OI000306,O00122,P0047,2,19692.31,30
OI000307,O00122,P0003,4,3910.4,0
OI000308,O00123,P0054,4,44513.25,30
OI000309,O00123,P0021,2,15113.06,5
OI000310,O00124,P0016,3,49688.54,30
OI000311,O00125,P0021,5,37149.42,0
OI000312,O00126,P0078,1,26913.72,5
OI000313,O00126,P0028,3,5960.73,10
OI000314,O00127,P0042,2,11183.12,5
OI000315,O00128,P0036,4,10162.07,0
OI000316,O00128,P0045,5,32683.25,30
OI000317,O00128,P0064,4,25754.66,25
OI000318,O00129,P0033,2,10094.35,15
OI000319,O00129,P0051,1,29286.5,15
OI000320,O00130,P0027,4,21815.22,30
OI000321,O00130,P0055,5,37417.19,20
OI000322,O00131,P0078,4,21608.32,20
OI000323,O00132,P0009,4,8570.64,0
OI000324,O00132,P0066,3,29446.74,15
OI000325,O00132,P0078,5,17774.6,0
OI000326,O00133,P0024,3,21611.99,5
OI000327,O00134,P0032,1,10955.41,20
OI000328,O00134,P0048,2,39030.85,0
OI000329,O00134,P0002,3,34492.55,20
OI000330,O00135,P0060,-2,44962.51,0
OI000331,O00135,P0050,3,30189.65,10
OI000332,O00136,P0072,3,35884.21,0
OI000333,O00137,P0056,3,40716.38,10
OI000334,O00137,P0026,1,40185.58,30
OI000335,O00137,P0006,3,21206.55,0
OI000336,O00137,P0058,2,30171.18,25
OI000337,O00138,P0074,1,14430.59,0
OI000338,O00138,P0060,3,6770.14,25
OI000339,O00139,P0069,5,2196.23,0
OI000340,O00140,P0061,1,41535.05,25
OI000341,O00141,P0036,3,37746.19,25
OI000342,O00141,P0011,5,38787.02,30
OI000343,O00141,P0079,1,19818.04,30
OI000344,O00142,P0016,3,46900.76,0
OI000345,O00142,P0004,2,2629.75,0
OI000346,O00142,P0018,1,49678.63,25
OI000347,O00142,P0029,2,4628.83,20
OI000348,O00143,P0007,3,44195.14,0
OI000349,O00144,P0007,3,3983.35,20
OI000350,O00145,P0035,2,46261.71,30
OI000351,O00145,P0016,2,16136.8,5
OI000352,O00145,P0075,4,31935.96,0
OI000353,O00145,P0067,5,12216.04,30
OI000354,O00146,P0036,3,38689.04,30
OI000355,O00146,P0029,1,13374.65,15
OI000356,O00146,P0011,3,28036.13,10
OI000357,O00146,P0027,1,3988.43,30
OI000358,O00147,P0028,1,33607.32,30
OI000359,O00148,P0025,4,5450.6,10
OI000360,O00148,P0076,5,25817.88,20
OI000361,O00148,P0040,4,32850.64,0
OI000362,O00148,P0017,2,45855.69,25
OI000363,O00149,P0080,-1,39056.05,10
OI000364,O00149,P0009,3,21298.93,15
OI000365,O00149,P0074,1,7577.66,0
OI000366,O00149,P0015,2,1075.25,30
OI000367,O00150,P0035,1,23942.96,30
OI000368,O00150,P0046,3,6136.73,0
OI000369,O00151,P0056,2,7743.35,25
OI000370,O00151,P0066,3,2894.56,15
OI000371,O00151,P0048,1,2694.44,25
OI000372,O00152,P0025,3,9675.12,5
OI000373,O00152,P0077,3,26595.75,30
OI000374,O00152,P0067,4,5681.93,0
OI000375,O00152,P0032,1,11174.09,0
OI000376,O00153,P0074,3,12128.66,0
OI000377,O00154,P0029,5,35050.74,25
OI000378,O00154,P0051,4,5289.89,15
OI000379,O00154,P0064,2,8758.7,10
OI000380,O00155,P0037,5,14576.94,0
OI000381,O00155,P0013,2,25286.2,30
OI000382,O00155,P0040,2,8719.07,0
OI000383,O00156,P0024,3,45018.49,5
OI000384,O00156,P0002,4,21539.15,0
OI000385,O00157,P0034,1,8743.57,0
OI000386,O00157,P0077,3,48484.69,0
OI000387,O00158,P0032,4,5691.95,0
OI000388,O00158,P0073,3,41809.11,5
OI000389,O00158,P0019,1,5224.63,20
OI000390,O00158,P0058,4,36807.05,15
OI000391,O00159,P0033,3,23072.85,20
OI000392,O00159,P0039,3,44595.78,30
OI000393,O00159,P0015,3,34367.76,0
OI000394,O00159,P0019,4,42849.21,5
OI000395,O00160,P0064,1,12407.3,25
OI000396,O00160,P0047,-3,4691.38,25
OI000397,O00160,P0014,3,43887.92,30
OI000398,O00161,P0034,3,44427.75,25
OI000399,O00161,P0076,4,47277.01,15
OI000400,O00162,P0025,1,29080.96,20
OI000401,O00162,P0079,1,21814.62,30
OI000402,O00162,P0073,3,14598.32,0
OI000403,O00163,P0019,4,34125.92,15
OI000404,O00163,P0080,5,33299.94,15
OI000405,O00163,P0063,3,3464.67,15
OI000406,O00163,P0002,4,2287.42,15
OI000407,O00164,P0007,4,15464.62,25
OI000408,O00165,P0001,1,12758.81,20
OI000409,O00165,P0037,5,33349.97,5
OI000410,O00165,P0012,3,7346.55,10
OI000411,O00166,P0075,1,14717.4,0
OI000412,O00166,P0061,3,12624.24,25
OI000413,O00166,P0055,4,48353.61,0
OI000414,O00166,P0034,3,29952.68,5
OI000415,O00167,P0042,5,7174.02,10
OI000416,O00167,P0033,2,20961.54,10
OI000417,O00167,P0039,3,4508.5,30
OI000418,O00167,P0070,2,18954.31,25
OI000419,O00168,P0018,5,22234.59,20
OI000420,O00169,P0060,3,21526.54,25
OI000421,O00169,P0053,4,1626.73,0
OI000422,O00169,P0054,1,37853.86,15
OI000423,O00170,P0075,5,18812.28,15
OI000424,O00170,P0007,4,6515.31,0
OI000425,O00171,P0067,4,42000.1,0
OI000426,O00171,P0008,3,41537.24,0
OI000427,O00171,P0043,5,5095.6,15
OI000428,O00171,P0073,4,34607.0,0
OI000429,O00172,P0075,-3,35918.33,10
OI000430,O00173,P0072,4,7036.04,5
OI000431,O00173,P0039,3,36027.32,0
OI000432,O00174,P0080,2,5956.77,0
OI000433,O00174,P0020,5,44024.98,0
OI000434,O00174,P0032,2,5404.45,0
OI000435,O00174,P0065,4,19688.02,0
OI000436,O00175,P0052,4,49139.14,10
OI000437,O00175,P0070,3,41128.9,30
OI000438,O00175,P0079,1,21759.6,0
OI000439,O00176,P0019,2,8746.08,10
OI000440,O00176,P0061,4,14679.3,0
OI000441,O00177,P0048,3,19711.66,0
OI000442,O00177,P0060,4,40721.31,5
OI000443,O00177,P0004,3,22989.84,25
OI000444,O00177,P0002,5,15312.39,30
OI000445,O00178,P0046,2,23528.38,30
OI000446,O00179,P0002,2,18047.95,10
OI000447,O00179,P0045,5,19683.56,0
OI000448,O00179,P0023,2,17755.38,20
OI000449,O00180,P0018,3,39301.81,15
OI000450,O00180,P0051,1,45828.96,30
OI000451,O00180,P0049,4,30390.63,5
OI000452,O00180,P0074,5,38826.05,15
OI000453,O00181,P0042,5,47770.93,20
OI000454,O00181,P0075,5,41536.84,0
OI000455,O00182,P0004,2,11777.29,0
OI000456,O00183,P0061,3,38055.49,10
OI000457,O00183,P0014,2,36476.12,25
OI000458,O00183,P0054,1,3330.85,15
OI000459,O00183,P0015,1,42378.39,0
OI000460,O00184,P0048,5,31656.88,0
OI000461,O00184,P0023,3,5606.14,30
OI000462,O00184,P0049,-3,28795.54,10
OI000463,O00184,P0026,3,24682.38,15
OI000464,O00185,P0026,2,21844.63,10
OI000465,O00185,P0012,5,1456.09,0
OI000466,O00186,P0005,2,44691.23,20
OI000467,O00186,P0053,5,27442.4,0
OI000468,O00187,P0024,5,24934.73,10
OI000469,O00187,P0074,4,25167.3,20
OI000470,O00187,P0080,5,42707.72,0
OI000471,O00188,P0055,4,43730.35,0
OI000472,O00188,P0017,5,15086.79,0
OI000473,O00188,P0064,2,2811.08,20
OI000474,O00188,P0003,2,41111.06,15
OI000475,O00189,P0050,3,3630.65,5
OI000476,O00189,P0037,1,26837.58,10
OI000477,O00189,P0067,5,25127.34,25
OI000478,O00190,P0070,1,29242.93,15
OI000479,O00191,P0005,3,21214.93,10
OI000480,O00192,P0008,2,10410.61,20
OI000481,O00192,P0008,2,24804.37,0
OI000482,O00192,P0045,1,47507.91,0
OI000483,O00193,P0017,3,36235.66,0
OI000484,O00193,P0005,4,25503.31,20
OI000485,O00193,P0056,4,15345.06,10
OI000486,O00193,P0003,1,1561.1,10
OI000487,O00194,P0003,5,24238.12,25
OI000488,O00194,P0049,2,21628.5,25
OI000489,O00194,P0071,2,6000.26,0
OI000490,O00194,P0079,3,17751.51,20
OI000491,O00195,P0008,2,11793.66,0
OI000492,O00195,P0030,4,37436.92,0
OI000493,O00195,P0002,2,40677.94,0
OI000494,O00195,P0008,2,22068.16,15
OI000495,O00196,P0041,-3,32846.65,10
OI000496,O00197,P0017,5,20041.48,0
OI000497,O00197,P0010,1,12697.39,10
OI000498,O00197,P0064,3,44907.6,10
OI000499,O00198,P0039,3,39065.37,15
OI000500,O00198,P0032,5,44675.68,20
OI000501,O00198,P0070,5,5442.81,20
OI000502,O00198,P0053,5,24438.83,0
OI000503,O00199,P0018,5,11719.16,10
OI000504,O00199,P0016,3,36314.31,5
OI000505,O00200,P0031,4,32582.93,30
OI000506,O00201,P0003,4,41857.18,15
OI000507,O00202,P0076,4,15195.54,0
OI000508,O00202,P0008,3,42765.07,25
OI000509,O00202,P0064,1,43172.95,25
OI000510,O00203,P0006,2,10485.07,5
OI000511,O00203,P0056,5,2849.92,15
OI000512,O00203,P0005,5,38209.07,0
OI000513,O00203,P0078,3,46154.26,15
OI000514,O00204,P0004,3,36357.87,25
OI000515,O00204,P0055,1,40417.99,25
OI000516,O00205,P0069,4,21335.79,15
OI000517,O00205,P0021,4,23499.79,10
OI000518,O00205,P0017,1,14214.83,15
OI000519,O00206,P0032,5,14967.29,25
OI000520,O00207,P0079,3,18244.32,15
OI000521,O00208,P0016,3,28529.94,20
OI000522,O00209,P0023,4,23270.53,30
OI000523,O00209,P0002,4,2090.94,20
OI000524,O00209,P0062,5,11087.66,0
OI000525,O00210,P0036,5,27684.53,0
OI000526,O00211,P0024,3,38357.35,15
OI000527,O00211,P0034,4,6579.32,5
OI000528,O00211,P0019,-3,2716.59,0
OI000529,O00211,P0005,2,34300.96,30
OI000530,O00212,P0006,5,35938.55,0
OI000531,O00212,P0034,3,1051.88,20
OI000532,O00212,P0070,1,30128.8,20
OI000533,O00213,P0010,5,22329.68,0
OI000534,O00214,P0027,3,28625.7,25
OI000535,O00214,P0010,4,43823.69,5
OI000536,O00215,P0042,5,39461.18,20
OI000537,O00216,P0048,4,47138.36,15
OI000538,O00216,P0080,1,8225.56,0
OI000539,O00216,P0038,2,45615.66,0
OI000540,O00216,P0014,5,10771.11,20
OI000541,O00217,P0028,4,41578.66,0
OI000542,O00217,P0020,4,38189.94,0
OI000543,O00217,P0010,2,28378.77,25
OI000544,O00218,P0068,1,30453.33,30
OI000545,O00219,P0035,2,41841.44,15
OI000546,O00219,P0032,3,12342.9,20
OI000547,O00219,P0030,4,15912.11,0
OI000548,O00220,P0057,4,18253.59,20
OI000549,O00220,P0072,5,4053.08,20
OI000550,O00221,P0078,2,22586.16,25
OI000551,O00221,P0030,5,41434.1,5
OI000552,O00221,P0069,2,38878.3,25
OI000553,O00221,P0075,2,30375.9,15
OI000554,O00222,P0041,1,4304.92,25
OI000555,O00222,P0065,2,28906.58,10
OI000556,O00222,P0024,4,1021.73,0
OI000557,O00223,P0034,5,35641.25,30
OI000558,O00223,P0013,2,43505.58,25
OI000559,O00223,P0004,2,49499.19,5
OI000560,O00223,P0066,5,45951.49,25
OI000561,O00224,P0017,-3,27957.8,15
OI000562,O00224,P0016,3,44896.96,20
OI000563,O00224,P0076,5,30927.32,0
OI000564,O00225,P0046,4,45556.04,30
OI000565,O00226,P0038,4,35080.66,5
OI000566,O00226,P0076,5,4418.53,0
OI000567,O00226,P0076,5,18651.23,30
OI000568,O00226,P0049,3,22069.71,15
OI000569,O00227,P0030,3,24791.35,0
OI000570,O00228,P0037,3,19357.37,5
OI000571,O00228,P0019,1,40745.86,10
OI000572,O00228,P0056,5,14093.25,20
OI000573,O00228,P0013,3,14418.35,0
OI000574,O00229,P0036,4,22086.11,5
OI000575,O00229,P0037,3,49443.08,0
OI000576,O00229,P0030,3,7264.91,10
OI000577,O00230,P0004,5,45151.43,10
OI000578,O00230,P0001,4,41667.1,0
OI000579,O00231,P0027,3,47104.85,25
OI000580,O00231,P0057,5,6527.39,30
OI000581,O00231,P0038,1,35883.48,0
OI000582,O00232,P0056,4,13337.06,5
OI000583,O00232,P0036,1,48429.87,0
OI000584,O00232,P0029,1,16524.01,20
OI000585,O00232,P0036,4,31623.54,0
OI000586,O00233,P0005,4,5246.83,20
OI000587,O00233,P0025,5,33141.24,0
OI000588,O00233,P0002,2,7059.51,25
OI000589,O00234,P0026,3,23638.24,30
OI000590,O00234,P0024,4,14309.33,10
OI000591,O00235,P0067,2,409.09,0
OI000592,O00236,P0072,5,10625.21,5
OI000593,O00236,P0005,4,34477.09,25
OI000594,O00236,P0075,-3,17598.01,5
OI000595,O00236,P0039,2,43783.19,30
OI000596,O00237,P0051,5,18017.11,30
OI000597,O00237,P0038,1,11141.79,15
OI000598,O00237,P0054,4,16438.5,25
OI000599,O00237,P0015,2,23370.61,20
OI000600,O00238,P0045,4,35314.74,30
OI000601,O00239,P0077,4,34439.29,0
OI000602,O00239,P0038,3,25497.5,25
OI000603,O00239,P0008,5,38646.98,15
OI000604,O00239,P0041,4,19721.08,30
OI000605,O00240,P0052,3,45640.34,15
OI000606,O00240,P0063,2,17157.12,0
OI000607,O00240,P0040,4,20638.12,5
OI000608,O00240,P0069,2,39032.71,0
OI000609,O00241,P0017,5,27103.42,0
OI000610,O00241,P0049,1,39076.57,20
OI000611,O00241,P0046,5,3407.37,0
OI000612,O00242,P0047,5,10122.38,5
OI000613,O00242,P0069,4,43021.21,10
OI000614,O00243,P0021,3,16742.23,10
OI000615,O00243,P0071,2,47015.69,0
OI000616,O00243,P0003,5,5350.41,25
OI000617,O00244,P0006,2,14333.71,0
OI000618,O00244,P0030,2,1930.46,0
OI000619,O00244,P0049,4,6776.86,15
OI000620,O00244,P0011,1,3926.04,25
OI000621,O00245,P0002,5,30342.38,5
OI000622,O00246,P0076,4,9915.63,15
OI000623,O00247,P0055,5,37238.3,15
OI000624,O00247,P0036,4,10332.67,15
OI000625,O00247,P0074,4,18984.89,25
OI000626,O00248,P0029,4,28159.56,30
OI000627,O00249,P0069,-1,19274.81,30
OI000628,O00249,P0051,3,38194.34,0
OI000629,O00249,P0058,2,28999.5,0
OI000630,O00250,P0030,4,18648.63,0
OI000631,O00250,P0040,3,7402.62,0
OI000632,O00250,P0013,5,8670.47,30
OI000633,O00250,P0076,2,4423.47,25
OI000634,O00251,P0067,5,38088.93,0
OI000635,O00251,P0064,3,20739.96,20
OI000636,O00251,P0020,1,16241.79,25
OI000637,O00251,P0001,3,34597.27,30
OI000638,O00252,P0041,2,16261.44,30
OI000639,O00252,P0066,5,42967.98,0
OI000640,O00252,P0014,4,35037.96,25
OI000641,O00252,P0017,1,8314.13,0
OI000642,O00253,P0026,4,43520.02,0
OI000643,O00253,P0005,4,24885.43,30
OI000644,O00254,P0071,4,20120.43,15
OI000645,O00254,P0016,4,49788.28,15
OI000646,O00255,P0079,3,28299.57,5
OI000647,O00255,P0019,3,26281.75,10
OI000648,O00255,P0079,3,26089.14,15
OI000649,O00256,P0060,2,46826.07,5
OI000650,O00256,P0022,5,35825.3,30
OI000651,O00256,P0002,3,20961.07,5
OI000652,O00256,P0061,1,49667.19,0
OI000653,O00257,P0025,2,34778.75,30
OI000654,O00257,P0043,1,3290.11,30
OI000655,O00257,P0077,2,3571.91,10
OI000656,O00258,P0002,2,13910.39,25
OI000657,O00258,P0075,3,18521.92,25
OI000658,O00258,P0033,5,27165.6,10
OI000659,O00259,P0076,2,5373.07,10
OI000660,O00260,P0023,-3,5340.53,25
OI000661,O00260,P0043,5,38655.94,15
OI000662,O00260,P0079,4,10663.01,0
OI000663,O00261,P0028,1,46494.97,5
OI000664,O00261,P0019,2,23904.33,0
OI000665,O00262,P0010,1,7064.5,30
OI000666,O00262,P0055,4,16522.7,0
OI000667,O00262,P0031,5,19814.02,25
OI000668,O00263,P0046,3,41972.81,20
OI000669,O00263,P0068,1,44193.46,10
OI000670,O00263,P0022,3,35639.55,25
OI000671,O00263,P0072,4,24632.15,15
OI000672,O00264,P0072,4,32691.58,5
OI000673,O00265,P0047,4,38594.55,20
OI000674,O00266,P0028,5,28099.75,10
OI000675,O00266,P0049,3,9155.53,0
OI000676,O00266,P0026,4,18209.32,10
OI000677,O00266,P0001,5,15691.94,0
OI000678,O00267,P0033,5,46097.81,15
OI000679,O00267,P0005,3,32173.28,25
OI000680,O00267,P0006,3,13890.15,0
OI000681,O00268,P0061,5,31703.94,30
OI000682,O00269,P0061,5,40419.68,0
OI000683,O00269,P0048,1,30742.79,5
OI000684,O00270,P0017,1,21123.74,0
OI000685,O00270,P0008,4,31964.54,0
OI000686,O00271,P0013,5,14054.54,10
OI000687,O00271,P0079,1,16800.08,20
OI000688,O00271,P0022,5,36176.24,20
OI000689,O00272,P0052,4,41926.4,0
OI000690,O00273,P0025,5,7588.82,15
OI000691,O00274,P0023,4,2464.29,10
OI000692,O00275,P0023,1,15730.44,20
OI000693,O00275,P0016,-2,28516.62,0
OI000694,O00275,P0073,4,4636.06,0
OI000695,O00275,P0024,1,9486.53,0
OI000696,O00276,P0002,2,31987.79,30
OI000697,O00276,P0011,2,15562.17,10
OI000698,O00277,P0040,1,19120.7,15
OI000699,O00277,P0023,3,7236.2,20
OI000700,O00278,P0029,2,13821.77,10
OI000701,O00278,P0023,3,13152.87,30
OI000702,O00278,P0034,1,24621.81,20
OI000703,O00278,P0045,5,22621.24,5
OI000704,O00279,P0075,4,7996.29,10
OI000705,O00280,P0045,3,10570.49,15
OI000706,O00280,P0012,5,38727.1,15
OI000707,O00280,P0028,4,13227.08,0
OI000708,O00280,P0067,2,23891.69,30
OI000709,O00281,P0048,5,19051.03,0
OI000710,O00281,P0042,1,31566.24,0
OI000711,O00281,P0021,4,23905.92,20
OI000712,O00282,P0024,3,15487.21,30
OI000713,O00283,P0003,4,40508.76,30
OI000714,O00283,P0076,5,34801.3,25
OI000715,O00284,P0032,3,36237.78,20
OI000716,O00284,P0062,4,15183.62,10
OI000717,O00284,P0065,1,21194.05,15
OI000718,O00284,P0074,4,29755.53,5
OI000719,O00285,P0039,5,48270.47,10
OI000720,O00285,P0073,2,6712.07,20
OI000721,O00286,P0012,3,39694.96,5
OI000722,O00287,P0059,4,8475.77,0
OI000723,O00287,P0019,2,44177.0,15
OI000724,O00287,P0040,1,9433.53,10
OI000725,O00288,P0012,2,7918.36,20
OI000726,O00288,P0001,-1,17399.42,30
OI000727,O00288,P0071,4,35014.29,30
OI000728,O00288,P0049,4,35384.65,0
OI000729,O00289,P0017,3,38211.45,5
OI000730,O00289,P0052,3,44926.56,25
OI000731,O00289,P0077,4,26822.23,20
OI000732,O00289,P0063,5,1588.09,5
OI000733,O00290,P0048,3,17157.58,0
OI000734,O00290,P0079,5,37646.3,0
OI000735,O00291,P0018,4,9601.53,10
OI000736,O00291,P0039,4,4869.31,25
OI000737,O00292,P0055,2,14426.97,25
OI000738,O00292,P0062,1,13235.72,25
OI000739,O00293,P0021,4,34196.4,0
OI000740,O00293,P0060,1,17477.77,0
OI000741,O00294,P0002,2,16121.53,25
OI000742,O00294,P0059,1,24435.43,25
OI000743,O00294,P0055,1,15321.99,15
OI000744,O00294,P0015,5,40404.47,30
OI000745,O00295,P0061,3,42247.38,20
OI000746,O00295,P0015,2,49041.54,25
OI000747,O00295,P0011,2,596.1,15
OI000748,O00296,P0066,5,36449.53,30
OI000749,O00296,P0056,1,23371.97,0
OI000750,O00297,P0063,4,18513.43,20
OI000751,O00298,P0055,3,33831.06,0
OI000752,O00298,P0070,3,9141.73,20
OI000753,O00298,P0054,1,22476.81,15
OI000754,O00299,P0077,1,18022.91,0
OI000755,O00300,P0032,2,4431.33,0
OI000756,O00300,P0017,2,31737.77,25
OI000757,O00300,P0036,3,48599.68,10
OI000758,O00300,P0068,5,23056.37,0
OI000759,O00301,P0048,-1,30565.34,0
OI000760,O00301,P0049,5,49018.26,0
OI000761,O00301,P0044,3,21270.86,0
OI000762,O00302,P0033,1,41883.45,25
OI000763,O00302,P0015,2,28652.03,15
OI000764,O00303,P0007,3,28773.47,10
OI000765,O00303,P0056,3,37406.77,5
OI000766,O00304,P0065,1,30329.97,5
OI000767,O00304,P0037,3,501.29,10
OI000768,O00304,P0003,4,32946.34,15
OI000769,O00305,P0060,5,39565.35,20
OI000770,O00305,P0013,2,11435.03,20
OI000771,O00305,P0029,1,30666.47,30
OI000772,O00306,P0077,3,27187.53,30
OI000773,O00306,P0072,1,17311.8,20
OI000774,O00306,P0045,4,7800.99,30
OI000775,O00306,P0027,5,34961.84,25
OI000776,O00307,P0052,1,33119.75,0
OI000777,O00307,P0063,5,49251.12,0
OI000778,O00307,P0027,5,18617.27,15
OI000779,O00308,P0058,4,1720.84,5
OI000780,O00308,P0080,3,28353.4,25
OI000781,O00308,P0003,3,27932.86,30
OI000782,O00309,P0049,5,6801.95,0
OI000783,O00309,P0013,4,11110.69,0
OI000784,O00310,P0023,2,38402.01,25
OI000785,O00310,P0071,4,17763.22,10
OI000786,O00310,P0054,5,14124.27,20
OI000787,O00311,P0041,5,26897.45,25
OI000788,O00312,P0052,4,37902.2,15
OI000789,O00312,P0058,2,46214.55,5
OI000790,O00313,P0037,1,26750.12,20
OI000791,O00313,P0060,2,34246.75,0
OI000792,O00313,P0050,-3,21050.47,25
OI000793,O00313,P0053,2,31911.74,10
OI000794,O00314,P0079,5,25292.22,0
OI000795,O00314,P0077,5,36674.36,0
OI000796,O00315,P0079,2,8531.33,30
OI000797,O00315,P0012,3,1380.3,25
OI000798,O00315,P0071,5,43206.05,5
OI000799,O00316,P0048,2,8966.75,10
OI000800,O00316,P0042,2,14825.85,0
OI000801,O00316,P0027,5,23193.68,10
OI000802,O00316,P0078,4,49488.24,5
OI000803,O00317,P0065,1,40233.43,20
OI000804,O00317,P0021,2,23245.06,0
OI000805,O00317,P0001,1,34180.67,25
OI000806,O00317,P0067,4,43142.91,0
OI000807,O00318,P0034,5,6268.85,0
OI000808,O00318,P0057,4,41430.75,0
OI000809,O00318,P0038,4,41458.31,0
OI000810,O00318,P0047,4,35902.08,30
OI000811,O00319,P0016,1,7512.69,15
OI000812,O00319,P0075,1,36169.21,20
OI000813,O00319,P0053,3,7312.02,10
OI000814,O00319,P0062,2,13409.26,20
OI000815,O00320,P0059,4,37687.0,15
OI000816,O00321,P0038,4,16700.4,30
OI000817,O00321,P0034,5,13946.12,0
OI000818,O00321,P0018,2,26208.52,0
OI000819,O00322,P0048,5,18295.53,15
OI000820,O00322,P0040,2,28490.09,15
OI000821,O00323,P0057,3,7933.45,5
OI000822,O00323,P0019,5,14793.56,25
OI000823,O00323,P0033,2,1643.23,10
OI000824,O00323,P0075,3,7631.08,0
OI000825,O00324,P0047,-3,43544.07,25
OI000826,O00324,P0062,5,45025.2,20
OI000827,O00324,P0020,5,42667.37,20
OI000828,O00325,P0049,4,32506.73,30
OI000829,O00325,P0023,4,44882.4,0
OI000830,O00325,P0009,3,11435.05,10
OI000831,O00326,P0020,3,30529.9,0
OI000832,O00326,P0026,3,25064.81,0
OI000833,O00327,P0026,3,33296.14,25
OI000834,O00327,P0013,3,25493.97,15
OI000835,O00328,P0008,4,28443.43,10
OI000836,O00329,P0033,2,34562.53,10
OI000837,O00329,P0030,4,9077.18,15
OI000838,O00330,P0012,2,36733.53,0
OI000839,O00330,P0017,5,15312.35,10
OI000840,O00330,P0030,2,29387.45,30
OI000841,O00331,P0013,5,44111.63,0
OI000842,O00331,P0041,1,10022.18,0
OI000843,O00331,P0057,1,23932.78,0
OI000844,O00331,P0070,5,10945.95,30
OI000845,O00332,P0073,1,29190.25,0
OI000846,O00332,P0057,2,29549.64,30
OI000847,O00332,P0001,3,37789.37,15
OI000848,O00333,P0023,3,25487.83,15
OI000849,O00333,P0039,3,43396.23,10
OI000850,O00333,P0044,3,33972.67,15
OI000851,O00333,P0057,1,48867.14,5
OI000852,O00334,P0001,3,44695.02,30
OI000853,O00334,P0064,2,9145.06,25
OI000854,O00334,P0039,1,46283.44,30
OI000855,O00334,P0044,5,41172.24,10
OI000856,O00335,P0030,2,15533.22,15
OI000857,O00336,P0068,4,5370.13,15
OI000858,O00336,P0079,-3,33676.39,20
OI000859,O00336,P0021,2,38378.27,5
OI000860,O00337,P0079,2,16452.64,30
OI000861,O00337,P0077,4,39042.81,15
OI000862,O00338,P0034,4,46732.92,15
OI000863,O00338,P0048,2,15485.06,20
OI000864,O00339,P0058,3,21408.57,25
OI000865,O00339,P0054,1,38170.58,25
OI000866,O00339,P0008,4,17842.19,5
OI000867,O00340,P0036,1,40972.02,10
OI000868,O00340,P0027,3,14916.15,20
OI000869,O00340,P0004,3,21518.04,25
OI000870,O00340,P0042,5,28108.62,10
OI000871,O00341,P0080,5,22145.13,15
OI000872,O00341,P0014,1,12346.11,20
OI000873,O00342,P0076,4,47614.26,0
OI000874,O00342,P0050,4,12679.84,25
OI000875,O00342,P0008,1,3041.7,20
OI000876,O00342,P0036,5,18630.08,15
OI000877,O00343,P0061,2,44072.27,0
OI000878,O00344,P0053,2,43729.04,15
OI000879,O00344,P0074,2,28201.36,30
OI000880,O00344,P0032,3,28743.48,15
OI000881,O00345,P0003,2,38662.01,0
OI000882,O00345,P0041,3,45278.9,30
OI000883,O00345,P0028,2,16233.04,10
OI000884,O00346,P0047,3,10149.51,15
OI000885,O00346,P0033,5,37445.6,0
OI000886,O00346,P0018,1,32201.45,25
OI000887,O00346,P0051,4,39955.33,0
OI000888,O00347,P0003,5,22001.04,0
OI000889,O00347,P0065,3,39559.34,30
OI000890,O00347,P0037,5,16854.19,0
OI000891,O00348,P0073,-3,39084.26,5
OI000892,O00349,P0074,4,30599.07,10
OI000893,O00350,P0056,3,23419.33,5
OI000894,O00351,P0010,2,32480.03,20
OI000895,O00351,P0059,5,39110.37,25
OI000896,O00351,P0003,4,28843.21,0
OI000897,O00352,P0003,1,11455.19,25
OI000898,O00352,P0020,3,42814.84,20
OI000899,O00352,P0069,4,32767.23,10
OI000900,O00352,P0074,3,44688.87,5
OI000901,O00353,P0019,2,15596.96,0
OI000902,O00353,P0004,5,30195.59,0
OI000903,O00354,P0070,3,47744.36,20
OI000904,O00354,P0041,2,32993.81,10
OI000905,O00355,P0021,4,49552.43,10
OI000906,O00355,P0028,3,1608.0,30
OI000907,O00355,P0016,4,1514.84,10
OI000908,O00356,P0007,4,22067.71,10
OI000909,O00356,P0027,4,29613.31,0
OI000910,O00356,P0012,2,25458.49,0
OI000911,O00356,P0021,2,6237.83,30
OI000912,O00357,P0041,4,9751.31,0
OI000913,O00357,P0065,3,24029.45,0
OI000914,O00357,P0059,1,610.97,25
OI000915,O00358,P0013,3,18179.52,15
OI000916,O00358,P0009,4,47310.54,15
OI000917,O00358,P0030,1,32609.02,25
OI000918,O00358,P0061,1,47577.63,15
OI000919,O00359,P0006,2,42408.89,5
OI000920,O00359,P0073,1,6615.43,5
OI000921,O00359,P0018,4,38173.82,0
OI000922,O00360,P0038,3,30973.36,5
OI000923,O00360,P0054,2,8938.21,5
OI000924,O00361,P0047,-1,1741.51,10
OI000925,O00361,P0040,4,31359.3,15
OI000926,O00362,P0004,1,16746.21,30
OI000927,O00362,P0005,2,45700.45,0
OI000928,O00362,P0070,4,38184.49,5
OI000929,O00363,P0013,1,17596.15,10
OI000930,O00363,P0012,4,49412.53,0
OI000931,O00364,P0060,4,42842.99,30
OI000932,O00364,P0018,5,40518.9,0
OI000933,O00364,P0040,4,23606.98,15
OI000934,O00364,P0017,3,32904.62,20
OI000935,O00365,P0062,4,37498.77,10
OI000936,O00366,P0029,5,6707.93,5
OI000937,O00366,P0029,1,37223.47,25
OI000938,O00367,P0079,1,12676.49,15
OI000939,O00367,P0024,3,16599.13,30
OI000940,O00367,P0076,5,25965.99,15
OI000941,O00368,P0042,4,18894.84,5
OI000942,O00368,P0075,1,37459.81,25
OI000943,O00369,P0026,2,962.51,0
OI000944,O00370,P0021,4,16295.99,30
OI000945,O00370,P0062,3,9590.48,25
OI000946,O00371,P0028,4,31160.3,30
OI000947,O00371,P0016,3,32859.16,20
OI000948,O00371,P0044,2,12950.4,30
OI000949,O00371,P0071,4,33246.59,20
OI000950,O00372,P0009,3,21469.1,0
OI000951,O00372,P0070,2,4955.53,30
OI000952,O00372,P0015,1,27635.62,15
OI000953,O00373,P0045,3,22765.1,0
OI000954,O00373,P0065,2,20028.52,10
OI000955,O00374,P0029,1,10134.19,20
OI000956,O00374,P0068,5,39051.9,0
OI000957,O00375,P0070,-3,47371.38,5
OI000958,O00375,P0048,2,5231.87,5
OI000959,O00375,P0080,2,42201.13,5
OI000960,O00376,P0026,3,2683.38,25
OI000961,O00376,P0038,4,45072.59,25
OI000962,O00376,P0061,4,16265.58,15
OI000963,O00376,P0001,1,12753.63,15
OI000964,O00377,P0079,5,47973.97,0
OI000965,O00377,P0053,2,7403.63,5
OI000966,O00378,P0051,2,32392.71,25
OI000967,O00378,P0076,2,12616.52,20
OI000968,O00379,P0029,3,7236.91,25
OI000969,O00380,P0075,2,10490.1,5
OI000970,O00381,P0042,1,31928.64,15
OI000971,O00381,P0068,1,38639.99,30
OI000972,O00381,P0030,4,15116.41,0
OI000973,O00382,P0020,1,44041.29,20
OI000974,O00382,P0035,1,19229.71,15
OI000975,O00382,P0015,4,21439.05,5
OI000976,O00382,P0063,3,11425.51,0
OI000977,O00383,P0078,5,43287.98,10
OI000978,O00384,P0056,4,3068.46,0
OI000979,O00384,P0036,3,45260.39,20
OI000980,O00384,P0054,3,49158.56,0
OI000981,O00384,P0002,1,35726.51,30
OI000982,O00385,P0075,4,11264.06,25
OI000983,O00385,P0035,1,49865.8,30
OI000984,O00386,P0078,5,43552.07,25
OI000985,O00386,P0006,5,5612.93,0
OI000986,O00386,P0074,1,6094.3,10
OI000987,O00386,P0047,5,33712.32,25
OI000988,O00387,P0006,3,32442.65,30
OI000989,O00387,P0059,5,43204.71,0
OI000990,O00387,P0052,-3,45427.05,10
OI000991,O00387,P0073,2,1451.19,20
OI000992,O00388,P0038,4,40144.29,30
OI000993,O00389,P0046,3,17780.83,10
OI000994,O00389,P0036,4,39239.56,20
OI000995,O00389,P0059,3,38488.4,5
OI000996,O00390,P0072,5,32502.27,25
OI000997,O00390,P0045,2,42274.81,0
OI000998,O00391,P0046,5,27027.18,10
OI000999,O00391,P0041,3,5289.58,0
OI001000,O00391,P0052,3,31184.54,5
OI001001,O00392,P0026,3,42834.81,30
OI001002,O00392,P0045,3,40343.4,20
OI001003,O00392,P0021,2,16307.3,0
OI001004,O00392,P0025,5,15698.75,15
OI001005,O00393,P0051,5,34857.9,10
OI001006,O00393,P0012,1,35655.36,25
OI001007,O00394,P0019,3,26758.18,25
OI001008,O00394,P0018,4,5405.39,15
OI001009,O00394,P0079,5,48544.58,20
OI001010,O00395,P0057,1,12483.7,5
OI001011,O00395,P0036,1,24851.02,10
OI001012,O00396,P0029,4,32482.78,10
OI001013,O00396,P0019,1,15015.46,0
OI001014,O00397,P0057,4,27927.04,10
OI001015,O00397,P0053,2,42433.26,25
OI001016,O00397,P0074,4,37402.94,20
OI001017,O00397,P0034,4,18668.87,10
OI001018,O00398,P0070,3,4082.76,5
OI001019,O00398,P0042,2,39828.96,5
OI001020,O00398,P0013,5,35490.61,20
OI001021,O00399,P0078,2,36075.29,10
OI001022,O00400,P0035,5,41871.52,30
OI001023,O00400,P0080,-2,29655.38,0
OI001024,O00400,P0022,1,28107.95,0
OI001025,O00400,P0045,4,43411.96,5
OI001026,O00401,P0046,1,47748.03,15
OI001027,O00402,P0004,5,24667.79,5
OI001028,O00402,P0051,2,33174.59,15
OI001029,O00402,P0069,3,16694.03,25
OI001030,O00403,P0070,5,15894.31,0
OI001031,O00403,P0079,1,35677.66,20
OI001032,O00404,P0010,5,3415.53,25
OI001033,O00405,P0025,2,48994.15,5
OI001034,O00405,P0024,1,32558.0,30
OI001035,O00406,P0043,1,4934.53,25
OI001036,O00407,P0053,4,34896.65,5
OI001037,O00407,P0044,2,5019.2,20
OI001038,O00407,P0023,4,43983.46,30
OI001039,O00407,P0012,2,13210.15,10
OI001040,O00408,P0045,1,17151.08,0
OI001041,O00408,P0068,3,1264.94,0
OI001042,O00409,P0048,1,8633.53,0
OI001043,O00410,P0042,4,15486.63,20
OI001044,O00411,P0023,2,31914.97,30
OI001045,O00412,P0069,2,48794.78,0
OI001046,O00412,P0020,5,18864.87,5
OI001047,O00413,P0023,5,7655.28,30
OI001048,O00413,P0004,5,2179.02,0
OI001049,O00413,P0040,3,5611.8,5
OI001050,O00413,P0076,5,8577.42,0
OI001051,O00414,P0025,5,7973.82,20
OI001052,O00414,P0059,5,41630.56,30
OI001053,O00414,P0015,5,3506.81,10
OI001054,O00414,P0047,2,12162.7,30
OI001055,O00415,P0052,1,18076.49,30
OI001056,O00415,P0076,-3,4774.94,20
OI001057,O00416,P0070,2,14307.44,5
OI001058,O00416,P0058,2,14824.72,25
OI001059,O00416,P0052,4,19009.08,30
OI001060,O00416,P0004,4,5439.85,30
OI001061,O00417,P0040,4,49616.3,15
OI001062,O00417,P0008,5,41605.05,10
OI001063,O00417,P0012,3,44631.6,5
OI001064,O00417,P0041,1,26831.03,0
OI001065,O00418,P0050,2,17750.34,0
OI001066,O00418,P0056,5,26318.23,5
OI001067,O00418,P0066,3,34136.39,0
OI001068,O00419,P0013,4,47510.72,10
OI001069,O00419,P0041,1,35773.22,30
OI001070,O00420,P0074,5,1025.74,25
OI001071,O00420,P0027,1,46234.53,0
OI001072,O00421,P0043,2,49357.5,10
OI001073,O00421,P0048,4,2476.65,5
OI001074,O00422,P0080,3,44126.75,25
OI001075,O00422,P0074,3,10442.59,15
OI001076,O00423,P0002,4,41221.86,25
OI001077,O00423,P0036,2,40882.05,30
OI001078,O00423,P0033,5,768.88,25
OI001079,O00423,P0006,4,6662.19,10
OI001080,O00424,P0015,1,8156.46,30
OI001081,O00425,P0024,5,16537.08,15
OI001082,O00426,P0037,5,14500.34,15
OI001083,O00426,P0014,1,19896.59,10
OI001084,O00426,P0012,5,42361.1,10
OI001085,O00426,P0017,5,49779.03,30
OI001086,O00427,P0014,1,11625.09,25
OI001087,O00427,P0024,1,38186.44,0
OI001088,O00427,P0031,4,30862.21,30
OI001089,O00427,P0019,-3,38514.05,10
OI001090,O00428,P0041,1,28547.87,5
OI001091,O00428,P0044,3,46111.53,20
OI001092,O00429,P0026,1,19717.77,5
OI001093,O00429,P0038,5,3416.56,5
OI001094,O00429,P0025,3,32986.11,30
OI001095,O00429,P0004,4,3701.8,10
OI001096,O00430,P0072,2,7382.33,20
OI001097,O00430,P0008,1,34316.95,25
OI001098,O00430,P0067,5,1118.73,5
OI001099,O00431,P0048,1,7388.45,0
OI001100,O00431,P0030,1,19215.37,0
OI001101,O00431,P0050,5,6202.19,10
OI001102,O00432,P0073,5,3927.72,30
OI001103,O00433,P0037,5,19491.67,10
OI001104,O00433,P0063,5,12689.61,30
OI001105,O00433,P0062,2,22847.6,20
OI001106,O00433,P0029,2,14521.46,5
OI001107,O00434,P0033,2,18561.89,0
OI001108,O00434,P0056,3,7413.19,30
OI001109,O00434,P0053,5,42621.26,25
OI001110,O00434,P0017,3,10603.02,25
OI001111,O00435,P0054,4,36739.1,30
OI001112,O00435,P0050,4,18337.12,20
OI001113,O00435,P0052,2,36234.56,10
OI001114,O00435,P0032,2,35701.35,10
OI001115,O00436,P0060,5,43156.32,25
OI001116,O00436,P0048,3,10872.31,5
OI001117,O00436,P0061,1,27255.73,30
OI001118,O00437,P0080,4,2781.56,10
OI001119,O00437,P0044,5,44523.75,25
OI001120,O00437,P0067,4,9220.68,30
OI001121,O00438,P0027,4,28477.8,5
OI001122,O00439,P0073,-3,20243.36,10
OI001123,O00439,P0020,4,15995.41,10
OI001124,O00439,P0017,4,15981.68,0
OI001125,O00440,P0009,1,1317.94,0
OI001126,O00441,P0012,3,46595.24,20
OI001127,O00441,P0026,2,47908.34,15
OI001128,O00441,P0009,3,31255.78,20
OI001129,O00442,P0061,3,35254.26,15
OI001130,O00442,P0039,1,40166.21,5
OI001131,O00442,P0020,2,20905.5,25
OI001132,O00442,P0021,5,27727.98,30
OI001133,O00443,P0032,1,33277.49,5
OI001134,O00443,P0057,1,37844.76,5
OI001135,O00443,P0049,4,19123.65,5
OI001136,O00444,P0076,3,46564.37,5
OI001137,O00445,P0003,4,47343.55,20
OI001138,O00445,P0044,1,44352.91,0
OI001139,O00445,P0023,2,31295.55,25
OI001140,O00445,P0020,1,49646.62,10
OI001141,O00446,P0038,1,17896.91,30
OI001142,O00446,P0003,5,44579.62,25
OI001143,O00446,P0022,3,42599.83,10
OI001144,O00447,P0067,1,24608.05,5
OI001145,O00447,P0007,2,35100.62,15
OI001146,O00447,P0058,4,17041.51,15
OI001147,O00448,P0011,3,27675.89,5
OI001148,O00448,P0080,1,36798.4,0
OI001149,O00448,P0039,4,10182.21,30
OI001150,O00448,P0049,4,2040.16,15
OI001151,O00449,P0043,3,40206.52,25
OI001152,O00449,P0053,3,6833.92,20
OI001153,O00449,P0034,5,9846.95,15
OI001154,O00449,P0035,1,45689.53,0
OI001155,O00450,P0066,-1,40585.07,0
OI001156,O00450,P0032,1,9061.08,0
OI001157,O00450,P0020,5,40122.49,0
OI001158,O00451,P0002,1,36891.05,20
OI001159,O00452,P0020,5,31399.79,30
OI001160,O00453,P0014,5,6318.43,5
OI001161,O00453,P0026,1,9482.35,0
OI001162,O00453,P0001,4,39631.74,10
OI001163,O00454,P0007,1,19498.32,10
OI001164,O00454,P0061,2,35484.82,30
OI001165,O00455,P0061,3,36645.35,0
OI001166,O00455,P0057,2,25502.32,0
OI001167,O00456,P0026,3,7408.67,10
OI001168,O00456,P0016,1,9612.88,20
OI001169,O00457,P0021,4,31856.02,15
OI001170,O00457,P0077,4,25456.06,15
OI001171,O00458,P0055,3,41267.31,10
OI001172,O00458,P0068,1,32828.4,15
OI001173,O00459,P0021,1,3315.57,30
OI001174,O00459,P0045,1,31087.31,25
OI001175,O00459,P0011,4,846.95,0
OI001176,O00460,P0076,3,34979.28,0
OI001177,O00460,P0073,3,36425.66,20
OI001178,O00460,P0058,3,37174.08,30
OI001179,O00461,P0064,3,38229.77,20
OI001180,O00461,P0070,2,11598.55,5
OI001181,O00461,P0006,3,20634.19,30
OI001182,O00462,P0052,4,43466.95,30
OI001183,O00462,P0058,2,7318.62,25
OI001184,O00462,P0054,1,43699.75,20
OI001185,O00463,P0020,4,18444.07,25
OI001186,O00463,P0023,2,29748.62,5
OI001187,O00463,P0028,1,1065.37,30
OI001188,O00463,P0020,-2,10088.39,30
OI001189,O00464,P0021,3,41531.46,15
OI001190,O00464,P0030,2,24455.1,30
OI001191,O00464,P0056,4,47379.71,5
OI001192,O00464,P0063,1,17830.13,0
OI001193,O00465,P0042,4,30488.93,5
OI001194,O00466,P0067,4,40230.2,25
OI001195,O00466,P0063,1,47853.62,5
OI001196,O00467,P0040,5,21592.62,0
OI001197,O00467,P0077,2,26599.43,20
OI001198,O00467,P0048,2,18635.99,30
OI001199,O00468,P0003,4,18657.92,10
OI001200,O00469,P0042,2,45529.77,20
OI001201,O00469,P0061,3,27861.04,20
OI001202,O00470,P0017,3,39134.36,10
OI001203,O00470,P0076,5,12041.64,10
OI001204,O00471,P0073,4,44555.21,20
OI001205,O00471,P0066,1,19361.13,5
OI001206,O00471,P0080,3,4295.06,30
OI001207,O00471,P0060,5,45046.42,15
OI001208,O00472,P0058,4,38927.3,15
OI001209,O00473,P0047,1,23818.91,10
OI001210,O00473,P0001,3,17969.4,30
OI001211,O00474,P0035,3,24363.71,20
OI001212,O00474,P0078,5,10202.9,10
OI001213,O00475,P0038,1,36840.87,10
OI001214,O00476,P0032,4,21293.82,0
OI001215,O00476,P0039,3,10410.94,15
OI001216,O00476,P0004,1,32668.84,25
OI001217,O00477,P0048,4,38845.9,5
OI001218,O00478,P0049,5,8059.68,30
OI001219,O00478,P0041,1,46860.92,30
OI001220,O00478,P0036,2,35388.26,30
OI001221,O00478,P0037,-3,6644.65,0
OI001222,O00479,P0007,3,27740.61,20
OI001223,O00480,P0041,4,27618.82,25
OI001224,O00480,P0042,4,9105.42,0
OI001225,O00481,P0042,5,37885.45,0
OI001226,O00481,P0066,1,36208.14,5
OI001227,O00481,P0064,1,46365.7,5
OI001228,O00482,P0014,5,8378.24,10
OI001229,O00482,P0012,3,48622.89,20
OI001230,O00483,P0053,3,37604.82,30
OI001231,O00484,P0070,1,26352.8,25
OI001232,O00484,P0020,5,41186.59,10
OI001233,O00484,P0058,2,5983.65,15
OI001234,O00484,P0030,2,3061.58,0
OI001235,O00485,P0029,4,2359.14,10
OI001236,O00486,P0020,2,25154.05,20
OI001237,O00486,P0050,4,1207.97,15
OI001238,O00487,P0004,4,27614.05,0
OI001239,O00487,P0026,5,2041.28,10
OI001240,O00487,P0075,4,605.83,0
OI001241,O00487,P0075,3,25580.14,5
OI001242,O00488,P0028,2,26927.44,15
OI001243,O00488,P0035,5,18871.45,25
OI001244,O00488,P0021,2,37770.03,15
OI001245,O00488,P0043,2,16521.14,15
OI001246,O00489,P0016,3,22719.58,30
OI001247,O00489,P0078,5,38558.33,10
OI001248,O00489,P0024,1,2322.59,0
OI001249,O00489,P0027,2,38048.02,15
OI001250,O00490,P0076,3,18206.68,0
OI001251,O00490,P0030,5,44537.77,15
OI001252,O00491,P0066,1,15667.6,10
OI001253,O00491,P0024,3,10516.05,25
OI001254,O00492,P0059,-3,37754.47,30
OI001255,O00492,P0062,5,29937.83,10
OI001256,O00492,P0010,5,5586.26,0
OI001257,O00493,P0080,1,42894.01,15
OI001258,O00494,P0039,4,19225.69,5
OI001259,O00495,P0007,3,10961.6,10
OI001260,O00496,P0048,1,14178.94,0
OI001261,O00496,P0039,1,44951.45,15
OI001262,O00496,P0019,3,22982.15,10
OI001263,O00496,P0016,1,44044.46,30
OI001264,O00497,P0002,1,4533.24,10
OI001265,O00497,P0059,5,34822.2,15
OI001266,O00498,P0003,5,24116.32,5
OI001267,O00498,P0028,1,20027.56,25
OI001268,O00498,P0004,1,24996.82,30
OI001269,O00499,P0023,1,28943.84,0
OI001270,O00499,P0009,3,35567.61,30
OI001271,O00499,P0026,3,1464.54,15
OI001272,O00499,P0025,2,34561.34,0
OI001273,O00500,P0073,4,28057.48,30
OI001274,O00501,P0007,3,18360.73,20
OI001275,O00501,P0059,4,27343.39,20
OI001276,O00502,P0071,5,7498.36,20
OI001277,O00502,P0053,2,29115.54,20
OI001278,O00502,P0060,3,38423.84,5
OI001279,O00503,P0070,4,18176.36,25
OI001280,O00503,P0012,5,12846.72,5
OI001281,O00503,P0043,3,32361.84,30
OI001282,O00503,P0070,2,44514.61,20
OI001283,O00504,P0077,3,27125.5,5
OI001284,O00504,P0074,2,48867.29,10
OI001285,O00505,P0011,4,44065.97,0
OI001286,O00505,P0067,1,28879.36,15
OI001287,O00505,P0071,-3,11532.42,20
OI001288,O00505,P0063,1,16442.99,20
OI001289,O00506,P0067,4,11148.8,20
OI001290,O00506,P0053,1,11484.29,30
OI001291,O00506,P0020,2,35881.04,0
OI001292,O00506,P0064,2,45813.22,15
OI001293,O00507,P0052,3,41305.29,0
OI001294,O00507,P0025,1,1056.94,15
OI001295,O00508,P0027,2,41425.92,0
OI001296,O00509,P0033,4,47562.88,25
OI001297,O00510,P0052,1,34966.47,15
OI001298,O00510,P0044,4,18902.07,15
OI001299,O00510,P0055,5,29587.12,30
OI001300,O00511,P0063,1,25124.74,20
OI001301,O00512,P0033,4,43093.45,25
OI001302,O00513,P0055,5,31106.53,20
OI001303,O00514,P0004,4,2173.91,30
OI001304,O00514,P0012,4,12794.78,0
OI001305,O00514,P0011,2,36282.86,0
OI001306,O00514,P0059,4,37515.35,10
OI001307,O00515,P0005,3,15663.23,30
OI001308,O00515,P0028,5,20677.7,0
OI001309,O00515,P0017,5,43170.16,0
OI001310,O00515,P0065,4,3687.71,5
OI001311,O00516,P0036,5,19561.86,0
OI001312,O00516,P0033,5,6104.01,30
OI001313,O00516,P0023,4,14846.13,5
OI001314,O00516,P0006,3,30155.74,25
OI001315,O00517,P0020,1,10156.37,30
OI001316,O00518,P0001,4,38843.07,5
OI001317,O00518,P0049,1,15288.26,10
OI001318,O00519,P0075,4,11629.44,30
OI001319,O00519,P0015,1,8430.56,5
OI001320,O00519,P0078,-1,22045.34,20
OI001321,O00520,P0003,5,44910.05,20
OI001322,O00520,P0070,1,21076.57,0
OI001323,O00520,P0036,4,27974.76,25
OI001324,O00520,P0009,1,4590.34,20
OI001325,O00521,P0052,5,45983.9,5
OI001326,O00521,P0016,1,8309.27,5
OI001327,O00521,P0026,4,33078.13,20
OI001328,O00521,P0072,3,24024.52,5
OI001329,O00522,P0015,5,2227.85,10
OI001330,O00522,P0019,3,6877.44,25
OI001331,O00522,P0002,3,3234.7,0
OI001332,O00522,P0015,5,33379.08,0
OI001333,O00523,P0018,3,46056.4,30
OI001334,O00523,P0028,2,33285.81,30
OI001335,O00523,P0062,2,5177.59,25
OI001336,O00524,P0019,2,42927.82,5
OI001337,O00525,P0062,5,49495.88,0
OI001338,O00526,P0032,4,42028.6,20
OI001339,O00526,P0029,3,20467.98,25
OI001340,O00527,P0042,4,1626.35,20
OI001341,O00528,P0058,5,41859.53,10
OI001342,O00528,P0017,4,30841.06,25
OI001343,O00528,P0021,2,30049.2,15
OI001344,O00528,P0064,1,21778.89,0
OI001345,O00529,P0009,5,4470.92,5
OI001346,O00529,P0006,3,14050.12,15
OI001347,O00529,P0060,3,15348.97,20
OI001348,O00529,P0040,4,25694.14,25
OI001349,O00530,P0061,3,4776.64,30
OI001350,O00530,P0044,5,25970.63,0
OI001351,O00531,P0035,3,43768.89,10
OI001352,O00531,P0041,3,45384.08,10
OI001353,O00531,P0045,-1,41330.33,25
OI001354,O00532,P0034,5,21336.44,10
OI001355,O00532,P0079,2,40161.66,15
OI001356,O00532,P0025,3,35702.9,20
OI001357,O00533,P0060,5,26125.61,0
OI001358,O00533,P0038,2,10485.26,20
OI001359,O00534,P0064,3,12470.28,30
OI001360,O00534,P0035,5,23089.19,20
OI001361,O00535,P0033,5,3834.5,0
OI001362,O00535,P0049,5,49197.41,0
OI001363,O00536,P0025,3,46408.33,30
OI001364,O00537,P0066,5,21169.54,15
OI001365,O00537,P0007,4,31498.61,30
OI001366,O00537,P0077,1,23949.32,25
OI001367,O00538,P0016,2,9259.96,20
OI001368,O00538,P0007,1,42396.94,15
OI001369,O00538,P0014,5,26877.33,5
OI001370,O00539,P0055,2,2236.88,0
OI001371,O00540,P0015,3,48847.6,15
OI001372,O00541,P0056,2,11716.79,15
OI001373,O00541,P0071,3,42078.21,5
OI001374,O00541,P0003,5,29309.97,10
OI001375,O00542,P0050,2,27200.14,0
OI001376,O00542,P0021,1,28669.2,15
OI001377,O00543,P0016,1,12498.1,25
OI001378,O00543,P0029,2,23110.45,5
OI001379,O00543,P0023,2,14153.67,0
OI001380,O00543,P0031,3,21900.87,25
OI001381,O00544,P0028,2,5243.24,0
OI001382,O00544,P0053,4,22265.75,25
OI001383,O00544,P0079,4,1395.57,15
OI001384,O00544,P0027,4,21973.35,20
OI001385,O00545,P0003,4,25501.08,25
OI001386,O00545,P0057,-1,18804.81,0
OI001387,O00545,P0077,4,8626.99,25
OI001388,O00546,P0028,3,17824.96,15
OI001389,O00546,P0032,3,44948.02,25
OI001390,O00547,P0004,5,12392.63,0
OI001391,O00547,P0058,1,19596.28,20
OI001392,O00547,P0047,4,1269.58,25
OI001393,O00547,P0058,4,4700.68,15
OI001394,O00548,P0030,3,18488.09,15
OI001395,O00548,P0062,2,8634.95,10
OI001396,O00548,P0005,4,18387.45,10
OI001397,O00549,P0021,1,30868.64,0
OI001398,O00550,P0011,5,46617.5,30
OI001399,O00550,P0020,3,7296.29,25
OI001400,O00550,P0036,2,11647.16,15
OI001401,O00551,P0067,1,11782.83,0
OI001402,O00551,P0080,1,28737.3,5
OI001403,O00552,P0071,4,47115.3,5
OI001404,O00552,P0031,1,40434.5,10
OI001405,O00552,P0078,1,3602.26,0
OI001406,O00553,P0023,5,6425.83,30
OI001407,O00553,P0071,3,36229.62,5
OI001408,O00553,P0069,2,12470.92,0
OI001409,O00554,P0022,3,25783.98,0
OI001410,O00554,P0065,5,44768.2,25
OI001411,O00554,P0018,2,2655.14,5
OI001412,O00555,P0031,5,41755.43,15
OI001413,O00555,P0060,2,22883.47,0
OI001414,O00556,P0021,5,37787.05,0
OI001415,O00556,P0049,2,278.53,30
OI001416,O00557,P0051,5,27188.08,25
OI001417,O00557,P0068,4,48114.72,20
OI001418,O00557,P0078,5,35988.2,25
OI001419,O00557,P0033,-2,8553.05,30
OI001420,O00558,P0005,2,3902.5,20
OI001421,O00558,P0039,1,30318.69,25
OI001422,O00559,P0049,3,18837.76,20
OI001423,O00559,P0063,2,37577.99,10
OI001424,O00559,P0056,2,22634.54,5
OI001425,O00559,P0039,4,12413.47,0
OI001426,O00560,P0057,3,24467.1,30
OI001427,O00560,P0060,3,44148.58,30
OI001428,O00561,P0054,1,12456.96,5
OI001429,O00561,P0013,3,18858.27,20
OI001430,O00562,P0050,4,4136.64,15
OI001431,O00562,P0046,5,27692.43,0
OI001432,O00562,P0062,1,17786.0,10
OI001433,O00562,P0040,5,8505.78,0
OI001434,O00563,P0072,3,3229.38,10
OI001435,O00563,P0067,3,1450.96,25
OI001436,O00564,P0079,4,17509.56,20
OI001437,O00564,P0037,3,2783.09,0
OI001438,O00564,P0057,4,21812.06,0
OI001439,O00565,P0020,4,16675.07,30
OI001440,O00566,P0019,2,38164.91,10
OI001441,O00566,P0012,5,19348.5,25
OI001442,O00566,P0029,1,2439.67,0
OI001443,O00567,P0025,4,28572.42,25
OI001444,O00567,P0020,4,27466.03,15
OI001445,O00568,P0001,1,8378.72,0
OI001446,O00568,P0034,4,39403.85,10
OI001447,O00569,P0022,4,5933.29,30
OI001448,O00569,P0044,5,36464.11,20
OI001449,O00569,P0061,3,28957.91,20
OI001450,O00569,P0042,5,7991.02,15
OI001451,O00570,P0029,1,21835.2,15
OI001452,O00570,P0043,-2,25069.0,25
OI001453,O00571,P0076,3,40133.27,15
OI001454,O00572,P0019,5,11375.35,10
OI001455,O00573,P0060,2,46321.07,20
OI001456,O00573,P0053,4,21109.75,20
OI001457,O00574,P0011,2,8331.66,30
OI001458,O00574,P0009,3,46324.69,0
OI001459,O00574,P0056,4,40799.28,5
OI001460,O00575,P0061,1,16855.85,20
OI001461,O00575,P0016,3,11975.2,30
OI001462,O00575,P0051,5,10897.92,25
OI001463,O00575,P0031,3,12350.98,5
OI001464,O00576,P0021,5,16525.36,25
OI001465,O00576,P0011,1,4334.22,0
OI001466,O00576,P0020,5,21570.0,0
OI001467,O00577,P0007,1,23692.61,0
OI001468,O00577,P0018,3,49189.13,20
OI001469,O00578,P0074,1,2261.38,15
OI001470,O00578,P0043,1,2187.38,0
OI001471,O00578,P0006,5,260.6,10
OI001472,O00579,P0051,4,5600.04,15
OI001473,O00579,P0079,5,3816.24,15
OI001474,O00580,P0009,4,30406.84,15
OI001475,O00580,P0021,5,5031.98,10
OI001476,O00581,P0005,4,42644.78,5
OI001477,O00581,P0061,4,18097.91,15
OI001478,O00581,P0038,4,21043.99,10
OI001479,O00582,P0042,2,12223.89,5
OI001480,O00582,P0020,1,4202.79,0
OI001481,O00582,P0019,1,49911.73,5
OI001482,O00583,P0010,3,38575.74,20
OI001483,O00583,P0075,2,36002.36,25
OI001484,O00584,P0016,5,36536.68,15
OI001485,O00584,P0027,-3,1933.35,5
OI001486,O00584,P0051,2,17418.01,0
OI001487,O00584,P0005,3,19630.56,30
OI001488,O00585,P0051,3,22618.21,20
OI001489,O00585,P0055,3,47913.74,5
OI001490,O00585,P0001,2,47725.91,25
OI001491,O00585,P0012,4,43807.17,20
OI001492,O00586,P0006,2,12191.16,30
OI001493,O00586,P0036,2,36109.02,25
OI001494,O00587,P0002,3,35640.42,20
OI001495,O00588,P0001,1,24269.22,10
OI001496,O00588,P0028,2,16792.77,15
OI001497,O00588,P0068,4,44506.92,10
OI001498,O00589,P0006,4,48216.09,15
OI001499,O00589,P0069,4,2464.55,20
OI001500,O00589,P0003,4,29568.68,0
OI001501,O00589,P0061,4,46470.16,10
OI001502,O00590,P0076,2,22601.25,15
OI001503,O00590,P0005,2,33504.5,15
OI001504,O00590,P0051,3,463.18,10
OI001505,O00591,P0029,4,12139.25,0
OI001506,O00592,P0007,1,40168.96,15
OI001507,O00592,P0069,5,47010.87,0
OI001508,O00592,P0065,3,38502.82,0
OI001509,O00592,P0064,5,10867.37,15
OI001510,O00593,P0031,4,28147.55,20
OI001511,O00594,P0070,2,957.01,25
OI001512,O00594,P0011,3,32430.44,30
OI001513,O00595,P0013,2,46571.33,15
OI001514,O00596,P0038,3,20924.89,25
OI001515,O00596,P0027,2,18231.12,15
OI001516,O00597,P0070,5,32041.37,0
OI001517,O00597,P0020,1,42688.26,0
OI001518,O00597,P0031,-2,48265.9,0
OI001519,O00598,P0044,1,25148.04,30
OI001520,O00598,P0066,1,24191.78,15
OI001521,O00598,P0011,3,39502.75,20
OI001522,O00598,P0023,4,40378.44,15
OI001523,O00599,P0080,1,49608.12,5
OI001524,O00600,P0044,2,26223.81,10
OI001525,O00600,P0062,3,1732.01,25
OI001526,O00601,P0014,5,38849.14,25
OI001527,O00601,P0028,2,9709.65,30
OI001528,O00601,P0076,1,48812.83,10
OI001529,O00601,P0064,5,38599.24,25
OI001530,O00602,P0048,2,45023.53,0
OI001531,O00602,P0058,2,435.16,20
OI001532,O00602,P0003,3,32523.66,25
OI001533,O00603,P0041,4,4489.96,0
OI001534,O00604,P0076,2,23803.13,20
OI001535,O00605,P0080,1,39360.77,20
OI001536,O00606,P0040,5,41152.69,15
OI001537,O00606,P0005,1,2981.92,15
OI001538,O00607,P0034,4,49964.22,15
OI001539,O00607,P0044,4,49070.19,20
OI001540,O00608,P0064,3,36996.76,25
OI001541,O00609,P0004,3,16555.75,0
OI001542,O00610,P0068,5,30077.41,0
OI001543,O00610,P0047,1,4984.07,15
OI001544,O00611,P0041,1,9335.29,10
OI001545,O00611,P0075,1,11768.09,15
OI001546,O00611,P0040,5,37803.32,0
OI001547,O00612,P0071,3,5246.68,25
OI001548,O00612,P0006,3,45962.21,25
OI001549,O00612,P0012,3,13635.15,0
OI001550,O00613,P0009,1,47461.95,0
OI001551,O00613,P0014,-1,23593.85,20
OI001552,O00614,P0070,1,13398.04,10
OI001553,O00614,P0011,3,8626.9,0
OI001554,O00614,P0003,4,11116.29,5
OI001555,O00614,P0022,5,12119.68,25
OI001556,O00615,P0067,3,28940.37,10
OI001557,O00616,P0071,2,3203.74,10
OI001558,O00616,P0079,4,9825.47,15
OI001559,O00616,P0045,2,20374.9,25
OI001560,O00616,P0075,3,13650.67,0
OI001561,O00617,P0033,5,25009.44,0
OI001562,O00617,P0052,5,9760.46,15
OI001563,O00617,P0017,5,9421.81,0
OI001564,O00617,P0032,2,35625.64,10
OI001565,O00618,P0006,1,34282.39,5
OI001566,O00618,P0028,3,47980.14,0
OI001567,O00619,P0015,1,20814.45,20
OI001568,O00619,P0027,4,7433.09,0
OI001569,O00620,P0042,4,19091.55,15
OI001570,O00620,P0057,2,42923.37,5
OI001571,O00620,P0027,4,17820.61,10
OI001572,O00621,P0063,3,22013.18,15
OI001573,O00621,P0001,4,23313.23,0
OI001574,O00621,P0008,4,26333.03,10
OI001575,O00621,P0053,1,44095.0,5
OI001576,O00622,P0036,2,21451.08,0
OI001577,O00622,P0061,5,3498.43,30
OI001578,O00622,P0045,3,32301.44,30
OI001579,O00623,P0036,4,48184.53,15
OI001580,O00623,P0021,4,11223.14,5
OI001581,O00624,P0031,4,19382.94,5
OI001582,O00625,P0035,3,26220.9,0
OI001583,O00626,P0067,3,37383.55,0
OI001584,O00626,P0009,-1,12250.98,15
OI001585,O00626,P0033,2,37947.41,5
OI001586,O00627,P0068,1,7667.54,0
OI001587,O00627,P0042,5,21131.38,20
OI001588,O00627,P0001,4,9872.6,0
OI001589,O00627,P0040,4,12745.59,15
OI001590,O00628,P0052,5,28369.48,20
OI001591,O00628,P0013,4,23724.76,10
OI001592,O00629,P0042,1,42925.37,20
OI001593,O00629,P0061,2,26741.18,30
OI001594,O00630,P0056,5,1067.46,0
OI001595,O00630,P0014,5,44822.28,10
OI001596,O00631,P0006,2,23487.37,0
OI001597,O00631,P0014,5,22203.74,5
OI001598,O00631,P0029,2,11118.91,0
OI001599,O00631,P0005,3,831.97,25
OI001600,O00632,P0036,5,44517.63,10
OI001601,O00633,P0044,2,30685.76,0
OI001602,O00634,P0077,5,37384.28,10
OI001603,O00634,P0006,4,34527.59,5
OI001604,O00634,P0001,4,40899.0,10
OI001605,O00635,P0043,1,4663.33,10
OI001606,O00635,P0074,3,254.62,20
OI001607,O00635,P0046,4,27925.27,5
OI001608,O00635,P0004,1,49040.07,0
OI001609,O00636,P0025,2,41160.12,10
OI001610,O00636,P0006,2,9993.84,10
OI001611,O00636,P0026,2,14926.25,0
OI001612,O00637,P0029,5,6942.12,0
OI001613,O00637,P0027,3,31449.75,15
OI001614,O00637,P0056,2,34473.88,5
OI001615,O00637,P0061,4,629.23,20
OI001616,O00638,P0069,2,34300.87,25
OI001617,O00639,P0011,-1,3892.35,25
OI001618,O00640,P0056,2,35059.46,5
OI001619,O00641,P0067,5,44220.47,20
OI001620,O00641,P0058,2,41481.58,10
OI001621,O00641,P0058,4,8813.72,30
OI001622,O00642,P0041,3,30412.5,0
OI001623,O00642,P0026,4,14952.83,30
OI001624,O00642,P0012,5,5988.54,5
OI001625,O00643,P0030,5,47490.74,0
OI001626,O00644,P0051,5,35694.34,5
OI001627,O00644,P0007,5,9194.68,10
OI001628,O00644,P0017,2,45423.06,0
OI001629,O00644,P0031,5,27725.8,20
OI001630,O00645,P0034,3,16770.77,5
OI001631,O00646,P0006,4,24652.79,10
OI001632,O00646,P0018,2,35014.08,0
OI001633,O00647,P0080,4,3803.9,0
OI001634,O00647,P0042,4,8440.57,15
OI001635,O00648,P0004,1,38332.6,0
OI001636,O00648,P0004,1,4410.78,5
OI001637,O00648,P0075,1,4360.97,10
OI001638,O00649,P0013,4,39236.57,20
OI001639,O00649,P0008,5,1535.6,5
OI001640,O00649,P0046,3,19107.49,0
OI001641,O00649,P0065,3,37688.33,15
OI001642,O00650,P0011,5,40685.1,30
OI001643,O00650,P0037,4,26230.55,0
OI001644,O00651,P0023,3,25195.42,0
OI001645,O00651,P0041,4,23576.5,25
OI001646,O00652,P0004,1,30060.78,0
OI001647,O00652,P0034,2,19050.31,20
OI001648,O00652,P0012,3,36263.99,15
OI001649,O00652,P0068,2,20407.87,0
OI001650,O00653,P0053,-2,25706.21,20
OI001651,O00653,P0048,1,18468.98,5
OI001652,O00654,P0006,5,35785.83,30
OI001653,O00654,P0007,4,10593.85,25
OI001654,O00654,P0078,5,28023.55,20
OI001655,O00654,P0003,5,38986.04,5
OI001656,O00655,P0009,1,13573.58,0
OI001657,O00655,P0016,4,12827.55,0
OI001658,O00656,P0034,3,48117.06,5
OI001659,O00657,P0064,2,25904.25,25
OI001660,O00657,P0025,5,32475.19,25
OI001661,O00657,P0035,2,7954.33,0
OI001662,O00657,P0019,4,31048.97,15
OI001663,O00658,P0067,5,32348.01,15
OI001664,O00658,P0053,3,8140.0,10
OI001665,O00659,P0017,3,36181.91,25
OI001666,O00659,P0028,1,15651.86,15
OI001667,O00659,P0011,4,43703.85,25
OI001668,O00659,P0038,4,8044.43,20
OI001669,O00660,P0006,2,20313.14,10
OI001670,O00660,P0048,3,27287.59,5
OI001671,O00660,P0038,2,47971.12,0
OI001672,O00661,P0061,4,15559.54,15
OI001673,O00662,P0066,5,48008.59,0
OI001674,O00662,P0029,1,18576.5,5
OI001675,O00662,P0036,3,36343.36,5
OI001676,O00663,P0079,1,33765.47,20
OI001677,O00663,P0005,3,34419.67,0
OI001678,O00663,P0038,2,10430.83,10
OI001679,O00663,P0027,3,9917.86,15
OI001680,O00664,P0016,4,36490.44,5
OI001681,O00664,P0014,1,4955.1,30
OI001682,O00664,P0068,4,36132.27,0
OI001683,O00665,P0078,-1,29767.56,10
OI001684,O00666,P0028,2,20398.48,20
OI001685,O00666,P0029,1,44148.54,0
OI001686,O00666,P0010,1,45926.99,30
OI001687,O00666,P0042,4,4991.56,25
OI001688,O00667,P0002,2,10633.0,0
OI001689,O00668,P0076,1,16895.78,25
OI001690,O00669,P0071,2,41920.44,0
OI001691,O00670,P0049,3,23745.58,30
OI001692,O00670,P0034,3,41196.29,0
OI001693,O00671,P0001,5,34086.01,25
OI001694,O00671,P0048,5,39656.11,5
OI001695,O00671,P0008,1,15733.59,0
OI001696,O00671,P0016,5,32054.6,15
OI001697,O00672,P0070,3,11485.74,25
OI001698,O00673,P0044,1,29431.21,25
OI001699,O00673,P0025,2,40793.58,5
OI001700,O00673,P0028,5,30197.74,5
OI001701,O00673,P0010,2,22701.77,20
OI001702,O00674,P0054,1,4838.18,0
OI001703,O00674,P0038,2,26104.09,25
OI001704,O00674,P0006,3,31616.28,20
OI001705,O00675,P0064,4,21576.31,0
OI001706,O00675,P0067,1,6046.5,5
OI001707,O00676,P0003,1,47206.44,0
OI001708,O00676,P0067,2,18225.77,25
OI001709,O00676,P0078,1,40954.07,0
OI001710,O00676,P0050,2,34324.18,0
OI001711,O00677,P0028,1,47651.14,10
OI001712,O00677,P0033,3,17950.82,25
OI001713,O00677,P0066,5,9374.34,0
OI001714,O00678,P0063,4,38211.84,5
OI001715,O00678,P0080,2,49200.01,15
OI001716,O00678,P0038,-1,12294.48,0
OI001717,O00678,P0068,4,39067.1,20
OI001718,O00679,P0031,4,43175.98,5
OI001719,O00679,P0053,1,10795.05,20
OI001720,O00679,P0079,1,2906.67,20
OI001721,O00680,P0003,5,41157.28,20
OI001722,O00680,P0073,5,35450.47,15
OI001723,O00680,P0037,5,9293.46,0
OI001724,O00680,P0058,3,29249.23,5
OI001725,O00681,P0077,5,31282.83,25
OI001726,O00681,P0080,5,40451.49,15
OI001727,O00681,P0071,5,38034.86,30
OI001728,O00681,P0012,5,14953.49,20
OI001729,O00682,P0073,2,7559.86,0
OI001730,O00682,P0038,1,38671.9,15
OI001731,O00682,P0073,5,39666.85,10
OI001732,O00682,P0023,2,5640.65,10
OI001733,O00683,P0019,4,20359.56,0
OI001734,O00683,P0053,5,35058.96,30
OI001735,O00683,P0020,4,32101.91,30
OI001736,O00684,P0004,4,8902.25,10
OI001737,O00684,P0040,5,47165.82,10
OI001738,O00684,P0067,5,11214.77,20
OI001739,O00684,P0032,5,7141.52,0
OI001740,O00685,P0001,3,48011.02,0
OI001741,O00685,P0019,5,30597.85,20
OI001742,O00685,P0004,5,40278.12,5
OI001743,O00686,P0076,3,27338.9,5
OI001744,O00686,P0056,3,4901.5,25
OI001745,O00686,P0074,4,17399.69,0
OI001746,O00686,P0028,1,28199.25,25
OI001747,O00687,P0019,2,40409.82,20
OI001748,O00688,P0016,3,42204.57,15
OI001749,O00688,P0052,-1,12219.89,15
OI001750,O00688,P0066,3,31395.55,0
OI001751,O00689,P0022,4,37678.56,0
OI001752,O00690,P0066,4,30119.52,25
OI001753,O00691,P0008,1,41727.09,25
OI001754,O00692,P0010,1,33498.67,20
OI001755,O00692,P0004,1,47280.84,25
OI001756,O00693,P0079,3,4235.2,0
OI001757,O00694,P0007,4,20537.6,5
OI001758,O00694,P0067,2,43624.07,30
OI001759,O00694,P0053,2,2752.38,20
OI001760,O00695,P0036,3,1086.69,30
OI001761,O00695,P0057,4,30042.08,25
OI001762,O00696,P0008,4,44300.42,25
OI001763,O00696,P0053,2,29916.52,20
OI001764,O00697,P0072,1,37356.69,30
OI001765,O00698,P0050,1,49103.63,0
OI001766,O00698,P0034,1,20014.63,15
OI001767,O00698,P0009,2,10122.35,30
OI001768,O00698,P0030,1,46877.77,20
OI001769,O00699,P0022,2,17400.87,25
OI001770,O00699,P0014,4,27348.1,0
OI001771,O00699,P0060,1,10444.62,5
OI001772,O00700,P0011,5,8378.29,25
OI001773,O00701,P0029,4,12089.16,20
OI001774,O00702,P0060,4,27419.11,20
OI001775,O00702,P0049,1,9721.76,30
OI001776,O00703,P0070,3,15528.14,0
OI001777,O00704,P0075,3,2627.33,25
OI001778,O00704,P0038,5,2389.31,0
OI001779,O00705,P0036,3,49747.71,10
OI001780,O00705,P0058,2,34181.92,0
OI001781,O00705,P0051,4,26825.55,5
OI001782,O00705,P0060,-3,25791.19,5
OI001783,O00706,P0002,2,32043.36,30
OI001784,O00707,P0014,2,13239.64,25
OI001785,O00707,P0022,5,27419.72,30
OI001786,O00708,P0030,4,43362.53,10
OI001787,O00708,P0070,2,43862.99,5
OI001788,O00708,P0070,3,20569.15,20
OI001789,O00708,P0030,5,37575.99,0
OI001790,O00709,P0076,5,36029.35,25
OI001791,O00709,P0052,1,22815.29,0
OI001792,O00709,P0052,4,11988.51,25
OI001793,O00709,P0067,2,43040.03,0
OI001794,O00710,P0001,4,27145.88,0
OI001795,O00710,P0022,2,11389.43,20
OI001796,O00710,P0042,2,4537.91,25
OI001797,O00711,P0002,3,27068.96,30
OI001798,O00711,P0014,3,20395.5,5
OI001799,O00711,P0010,5,32652.26,5
OI001800,O00712,P0074,2,16537.78,25
OI001801,O00713,P0077,1,27986.94,15
OI001802,O00713,P0031,4,31265.99,15
OI001803,O00713,P0070,1,47666.07,5
OI001804,O00713,P0005,3,39969.66,10
OI001805,O00714,P0077,3,25491.22,15
OI001806,O00714,P0017,3,44153.94,20
OI001807,O00714,P0079,5,27788.66,0
OI001808,O00714,P0011,3,17502.27,30
OI001809,O00715,P0057,1,18007.66,5
OI001810,O00716,P0070,4,22517.06,30
OI001811,O00716,P0026,5,38513.09,5
OI001812,O00717,P0079,4,13926.28,0
OI001813,O00718,P0060,4,30618.99,30
OI001814,O00719,P0070,2,42886.93,25
OI001815,O00719,P0065,-3,42314.19,5
OI001816,O00719,P0041,5,28946.01,30
OI001817,O00719,P0005,5,16083.13,0
OI001818,O00720,P0024,2,18591.88,15
OI001819,O00720,P0004,3,37839.47,25
OI001820,O00720,P0049,5,16760.88,30
OI001821,O00720,P0073,1,1774.05,0
OI001822,O00721,P0036,5,9001.38,20
OI001823,O00721,P0048,3,12747.49,25
OI001824,O00722,P0076,4,10006.34,20
OI001825,O00722,P0079,3,9488.02,10
OI001826,O00722,P0018,5,37033.19,15
OI001827,O00722,P0051,2,43348.03,10
OI001828,O00723,P0044,4,8429.97,0
OI001829,O00724,P0024,5,38134.54,30
OI001830,O00724,P0023,3,19606.56,5
OI001831,O00724,P0052,5,11277.19,10
OI001832,O00725,P0068,5,39138.71,20
OI001833,O00725,P0014,2,43057.4,0
OI001834,O00725,P0072,4,18619.26,0
OI001835,O00726,P0067,3,47823.88,20
OI001836,O00726,P0003,5,16191.96,30
OI001837,O00726,P0037,3,11404.28,10
OI001838,O00726,P0040,5,6218.89,0
OI001839,O00727,P0062,5,24341.39,0
OI001840,O00728,P0067,3,29203.35,15
OI001841,O00728,P0005,1,41968.5,10
OI001842,O00729,P0040,1,16430.99,30
OI001843,O00729,P0014,3,41423.07,10
OI001844,O00729,P0014,2,36514.39,20
OI001845,O00729,P0080,2,40922.56,30
OI001846,O00730,P0031,4,22504.51,20
OI001847,O00731,P0003,5,13471.28,5
OI001848,O00732,P0037,-1,38872.6,5
OI001849,O00733,P0050,5,26578.3,0
OI001850,O00733,P0076,5,23776.16,0
OI001851,O00733,P0078,2,37948.8,0
OI001852,O00733,P0035,3,6706.35,20
OI001853,O00734,P0021,2,46774.91,25
OI001854,O00734,P0054,1,47788.42,25
OI001855,O00734,P0058,5,22249.52,15
OI001856,O00734,P0022,2,24762.42,20
OI001857,O00735,P0036,5,31700.58,25
OI001858,O00735,P0047,3,39433.49,15
OI001859,O00735,P0023,5,6662.62,0
OI001860,O00736,P0055,3,1513.44,0
OI001861,O00737,P0006,2,40130.67,20
OI001862,O00738,P0076,2,3869.22,10
OI001863,O00738,P0017,1,40015.78,20
OI001864,O00739,P0027,1,16367.84,30
OI001865,O00740,P0067,2,31762.54,25
OI001866,O00741,P0013,3,15337.31,25
OI001867,O00741,P0050,5,31093.12,30
OI001868,O00742,P0064,2,21297.85,30
OI001869,O00742,P0038,4,7697.81,0
OI001870,O00743,P0047,5,49243.3,5
OI001871,O00743,P0048,3,10655.25,0
OI001872,O00744,P0023,5,40434.53,0
OI001873,O00744,P0018,2,41857.85,5
OI001874,O00745,P0078,2,43963.54,0
OI001875,O00745,P0040,5,4857.05,25
OI001876,O00746,P0012,5,12426.24,15
OI001877,O00747,P0021,2,35947.84,30
OI001878,O00747,P0045,1,26742.53,30
OI001879,O00747,P0052,5,35381.79,30
OI001880,O00747,P0023,2,45017.62,30
OI001881,O00748,P0042,-3,48671.48,15
OI001882,O00748,P0062,2,19100.75,0
OI001883,O00748,P0042,2,31025.92,30
OI001884,O00748,P0049,5,12244.18,0
OI001885,O00749,P0007,5,43484.26,30
OI001886,O00749,P0016,4,8983.56,30
OI001887,O00749,P0028,2,22284.19,10
OI001888,O00749,P0073,5,48339.36,0
OI001889,O00750,P0024,2,7970.78,10
OI001890,O00750,P0053,2,47778.26,25
OI001891,O00750,P0042,5,3999.3,15
OI001892,O00751,P0071,5,7407.68,5
OI001893,O00751,P0042,3,35197.89,10
OI001894,O00752,P0041,5,46999.88,15
OI001895,O00752,P0054,1,24582.89,30
OI001896,O00753,P0029,2,40460.03,15
OI001897,O00753,P0032,1,28659.42,15
OI001898,O00753,P0033,5,40585.48,30
OI001899,O00753,P0079,1,9227.91,30
OI001900,O00754,P0001,2,28659.4,30
OI001901,O00754,P0009,2,3008.02,10
OI001902,O00754,P0077,4,38047.35,30
OI001903,O00754,P0015,2,24643.79,20
OI001904,O00755,P0075,5,47303.76,10
OI001905,O00755,P0017,2,1646.9,0
OI001906,O00756,P0047,4,36527.85,0
OI001907,O00756,P0071,2,8870.0,0
OI001908,O00757,P0071,4,30427.35,30
OI001909,O00757,P0067,5,25419.29,30
OI001910,O00757,P0045,2,34742.65,20
OI001911,O00758,P0024,2,31962.0,25
OI001912,O00758,P0008,1,10299.26,15
OI001913,O00758,P0039,2,46146.6,0
OI001914,O00759,P0015,-1,17507.65,5
OI001915,O00759,P0027,5,44952.35,0
OI001916,O00759,P0003,2,32234.86,5
OI001917,O00760,P0004,1,15313.84,30
OI001918,O00760,P0036,5,9844.35,10
OI001919,O00760,P0001,5,20925.32,30
OI001920,O00761,P0027,5,25118.3,0
OI001921,O00762,P0051,1,31756.21,5
OI001922,O00762,P0015,2,8080.88,30
OI001923,O00763,P0060,2,2911.8,0
OI001924,O00763,P0015,1,19283.46,0
OI001925,O00763,P0017,2,2332.09,0
OI001926,O00763,P0058,2,36219.22,30
OI001927,O00764,P0026,5,37401.96,10
OI001928,O00764,P0005,3,28701.22,25
OI001929,O00765,P0044,2,26923.39,5
OI001930,O00765,P0059,3,38888.28,0
OI001931,O00765,P0020,3,9012.82,0
OI001932,O00765,P0037,1,39544.39,25
OI001933,O00766,P0044,1,28927.37,20
OI001934,O00766,P0018,2,29917.08,25
OI001935,O00767,P0003,5,9884.28,20
OI001936,O00767,P0045,4,42022.39,0
OI001937,O00768,P0028,5,29911.09,5
OI001938,O00769,P0003,1,11635.95,30
OI001939,O00769,P0016,2,13954.23,25
OI001940,O00769,P0046,5,16500.29,20
OI001941,O00769,P0050,3,38187.96,5
OI001942,O00770,P0004,3,47090.25,5
OI001943,O00770,P0004,2,49507.47,0
OI001944,O00771,P0016,3,30808.99,30
OI001945,O00771,P0030,5,24869.14,0
OI001946,O00771,P0022,5,31066.38,30
OI001947,O00771,P0011,-2,43132.72,0
OI001948,O00772,P0030,2,6542.52,15
OI001949,O00772,P0068,1,17283.92,15
OI001950,O00772,P0021,1,11286.39,15
OI001951,O00772,P0005,2,3167.73,0
OI001952,O00773,P0052,4,28330.31,30
OI001953,O00773,P0048,4,44678.87,15
OI001954,O00773,P0080,1,18701.68,20
OI001955,O00774,P0037,4,42214.39,10
OI001956,O00774,P0033,4,42118.54,5
OI001957,O00774,P0033,4,21850.7,0
OI001958,O00775,P0072,1,38515.55,0
OI001959,O00776,P0027,1,40353.31,25
OI001960,O00777,P0013,4,20082.26,0
OI001961,O00777,P0063,2,21334.31,0
OI001962,O00778,P0067,1,40663.72,20
OI001963,O00779,P0014,2,29739.18,0
OI001964,O00779,P0044,1,23306.9,10
OI001965,O00779,P0066,1,20577.19,0
OI001966,O00779,P0032,1,23231.82,10
OI001967,O00780,P0011,1,40696.61,15
OI001968,O00780,P0047,5,47705.9,30
OI001969,O00780,P0039,2,40101.08,5
OI001970,O00781,P0026,1,1117.12,25
OI001971,O00782,P0045,5,43005.38,20
OI001972,O00782,P0058,4,35244.54,15
OI001973,O00783,P0004,2,6244.69,0
OI001974,O00783,P0043,2,49988.0,10
OI001975,O00783,P0078,4,8040.08,30
OI001976,O00783,P0033,4,44509.42,25
OI001977,O00784,P0011,3,29361.07,10
OI001978,O00784,P0018,4,1194.28,0
OI001979,O00785,P0052,4,21421.79,15
OI001980,O00785,P0043,-1,37816.03,0
OI001981,O00785,P0007,4,29528.59,30
OI001982,O00786,P0033,1,1227.48,15
OI001983,O00787,P0070,5,3630.25,15
OI001984,O00787,P0074,1,15923.59,0
OI001985,O00788,P0023,1,12962.2,0
OI001986,O00788,P0076,3,32417.56,30
OI001987,O00788,P0051,5,26577.1,30
OI001988,O00789,P0009,2,23296.58,30
OI001989,O00789,P0016,4,19265.51,15
OI001990,O00790,P0053,4,47783.74,5
OI001991,O00791,P0063,3,47639.18,30
OI001992,O00791,P0062,5,13492.16,10
OI001993,O00792,P0042,4,9355.01,15
OI001994,O00792,P0075,5,45620.49,30
OI001995,O00793,P0009,3,8465.85,25
OI001996,O00794,P0004,2,23496.61,30
OI001997,O00794,P0070,2,5508.14,25
OI001998,O00795,P0021,1,31633.53,15
OI001999,O00796,P0070,1,11951.73,30
OI002000,O00797,P0015,1,48806.56,0
OI002001,O00797,P0069,5,31391.54,15
OI002002,O00798,P0010,5,46421.77,15
OI002003,O00799,P0069,2,8245.64,0
OI002004,O00799,P0058,3,26216.83,10
OI002005,O00799,P0074,4,48632.83,20
OI002006,O00800,P0002,5,8835.61,0
OI002007,O00800,P0034,5,2579.41,30
OI002008,O00800,P0041,4,33412.56,5
OI002009,O00800,P0025,4,28280.6,15
OI002010,O00801,P0012,1,46723.9,30
OI002011,O00801,P0076,3,39625.3,25
OI002012,O00801,P0072,5,7734.24,25
OI002013,O00801,P0075,-3,31860.58,15
OI002014,O00802,P0076,3,11659.53,0
OI002015,O00803,P0012,5,21320.26,20
OI002016,O00803,P0055,1,24844.18,10
OI002017,O00803,P0023,4,14384.84,10
OI002018,O00804,P0049,3,5573.69,30
OI002019,O00804,P0075,4,9290.83,0
OI002020,O00804,P0078,4,35175.05,15
OI002021,O00805,P0050,5,12620.58,15
OI002022,O00805,P0079,4,1524.65,30
OI002023,O00805,P0066,3,7796.55,30
OI002024,O00805,P0002,2,28151.45,0
OI002025,O00806,P0019,2,49066.01,20
OI002026,O00806,P0075,2,41319.61,25
OI002027,O00806,P0036,5,27448.92,0
OI002028,O00806,P0065,5,48017.67,10
OI002029,O00807,P0069,4,26752.0,10
OI002030,O00807,P0079,1,44046.63,5
OI002031,O00807,P0034,4,24106.3,30
OI002032,O00808,P0055,1,31256.14,0
OI002033,O00809,P0039,1,10918.98,0
OI002034,O00810,P0046,5,32094.83,5
OI002035,O00810,P0027,4,5621.03,10
OI002036,O00811,P0053,1,17251.02,10
OI002037,O00811,P0006,3,16230.57,0
OI002038,O00811,P0052,3,39043.0,0
OI002039,O00811,P0022,3,45344.85,15
OI002040,O00812,P0064,2,13293.59,0
OI002041,O00812,P0055,3,32601.72,10
OI002042,O00812,P0038,3,1655.68,25
OI002043,O00813,P0009,4,37841.37,30
OI002044,O00813,P0009,5,6557.17,15
OI002045,O00813,P0077,5,28768.42,0
OI002046,O00813,P0070,-3,391.87,25
OI002047,O00814,P0071,2,5070.68,0
OI002048,O00814,P0057,3,20831.55,0
OI002049,O00814,P0029,3,31221.74,25
OI002050,O00814,P0049,3,27409.27,10
OI002051,O00815,P0080,5,22157.24,25
OI002052,O00815,P0073,3,34512.28,0
OI002053,O00815,P0042,3,29520.52,20
OI002054,O00815,P0007,1,6424.81,5
OI002055,O00816,P0008,4,49735.53,10
OI002056,O00816,P0049,1,17725.24,0
OI002057,O00817,P0011,4,34217.61,0
OI002058,O00817,P0030,5,27006.42,25
OI002059,O00817,P0027,4,15890.8,25
OI002060,O00817,P0017,1,25854.72,15
OI002061,O00818,P0048,5,3026.62,30
OI002062,O00818,P0001,1,1482.47,15
OI002063,O00818,P0018,3,26635.05,15
OI002064,O00819,P0007,3,46045.3,25
OI002065,O00819,P0036,5,30766.18,25
OI002066,O00820,P0053,1,16512.01,25
OI002067,O00820,P0034,2,964.17,15
OI002068,O00820,P0041,4,43292.62,30
OI002069,O00820,P0057,3,26991.52,0
OI002070,O00821,P0040,3,48246.7,10
OI002071,O00821,P0065,5,1687.34,5
OI002072,O00821,P0032,3,13089.9,25
OI002073,O00821,P0049,2,42750.84,5
OI002074,O00822,P0044,3,2946.07,25
OI002075,O00822,P0043,5,30509.95,10
OI002076,O00822,P0007,1,34815.93,25
OI002077,O00822,P0021,2,6141.11,5
OI002078,O00823,P0024,4,21552.05,30
OI002079,O00823,P0061,-2,6933.24,20
OI002080,O00823,P0079,1,19659.64,0
OI002081,O00824,P0023,3,35529.76,0
OI002082,O00825,P0048,5,40810.45,15
OI002083,O00826,P0008,1,38084.52,0
OI002084,O00826,P0014,4,29543.29,25
OI002085,O00826,P0062,4,49583.94,5
OI002086,O00826,P0026,1,8851.24,20
OI002087,O00827,P0002,3,22444.24,25
OI002088,O00827,P0034,2,32020.05,25
OI002089,O00827,P0010,2,36589.73,5
OI002090,O00827,P0007,2,26555.9,10
OI002091,O00828,P0044,2,21646.66,25
OI002092,O00828,P0069,1,23194.91,20
OI002093,O00828,P0022,3,49174.2,5
OI002094,O00828,P0040,2,6389.44,10
OI002095,O00829,P0033,3,39896.57,15
OI002096,O00829,P0007,1,33872.08,25
OI002097,O00829,P0033,3,32727.86,15
OI002098,O00830,P0044,2,43526.05,0
OI002099,O00830,P0015,2,47237.1,5
OI002100,O00830,P0058,3,38545.11,30
OI002101,O00830,P0080,1,22674.82,25
OI002102,O00831,P0032,3,32341.98,5
OI002103,O00831,P0063,2,1777.58,25
OI002104,O00832,P0010,4,17843.1,0
OI002105,O00832,P0070,1,40109.51,0
OI002106,O00833,P0032,1,12932.76,10
OI002107,O00833,P0005,4,30541.82,10
OI002108,O00833,P0042,5,25276.31,5
OI002109,O00833,P0035,5,44716.26,20
OI002110,O00834,P0040,1,2029.25,0
OI002111,O00834,P0066,1,35828.98,25
OI002112,O00835,P0061,-2,25830.88,0
OI002113,O00835,P0055,3,49447.7,15
OI002114,O00835,P0033,3,45860.29,20
OI002115,O00835,P0034,3,21518.0,10
OI002116,O00836,P0009,4,30237.68,10
OI002117,O00836,P0058,5,5580.87,20
OI002118,O00836,P0031,5,6385.81,30
OI002119,O00837,P0069,4,40244.28,25
OI002120,O00837,P0076,5,25846.0,5
OI002121,O00837,P0077,1,15477.23,20
OI002122,O00838,P0075,2,41916.14,0
OI002123,O00838,P0036,4,34130.93,15
OI002124,O00838,P0049,2,2062.35,0
OI002125,O00838,P0077,5,37448.02,25
OI002126,O00839,P0023,3,6827.01,10
OI002127,O00839,P0072,2,29721.55,5
OI002128,O00839,P0067,2,12103.79,0
OI002129,O00840,P0015,5,25123.47,25
OI002130,O00840,P0021,5,10701.99,5
OI002131,O00841,P0074,5,46225.12,5
OI002132,O00842,P0016,1,40856.66,0
OI002133,O00842,P0024,2,8992.53,0
OI002134,O00843,P0009,5,19450.51,25
OI002135,O00844,P0015,1,45524.53,30
OI002136,O00844,P0050,1,807.4,0
OI002137,O00844,P0038,2,18790.4,0
OI002138,O00844,P0037,1,45884.14,10
OI002139,O00845,P0041,2,32147.38,0
OI002140,O00845,P0076,5,37817.08,30
OI002141,O00845,P0036,4,39206.16,5
OI002142,O00846,P0041,3,20581.24,20
OI002143,O00846,P0013,1,431.58,0
OI002144,O00847,P0052,2,424.54,15
OI002145,O00847,P0043,-2,22017.36,0
OI002146,O00847,P0043,1,45171.23,0
OI002147,O00847,P0056,4,48629.09,25
OI002148,O00848,P0035,1,3922.83,25
OI002149,O00848,P0048,3,43408.31,0
OI002150,O00848,P0029,3,328.89,30
OI002151,O00848,P0070,3,5253.44,15
OI002152,O00849,P0006,5,30854.98,20
OI002153,O00849,P0072,2,21637.35,10
OI002154,O00849,P0038,5,7256.13,25
OI002155,O00849,P0021,4,30444.93,0
OI002156,O00850,P0070,4,28012.0,0
OI002157,O00850,P0061,5,49751.57,30
OI002158,O00851,P0047,1,18707.04,25
OI002159,O00852,P0047,4,42233.67,30
OI002160,O00852,P0049,1,34737.37,10
OI002161,O00853,P0003,1,6851.88,20
OI002162,O00853,P0059,5,28971.28,5
OI002163,O00854,P0002,3,48894.45,0
OI002164,O00854,P0074,3,46742.59,0
OI002165,O00854,P0060,3,16946.82,20
OI002166,O00854,P0016,4,24461.23,15
OI002167,O00855,P0018,4,15015.69,5
OI002168,O00856,P0013,5,33730.47,5
OI002169,O00857,P0012,5,35710.31,25
OI002170,O00857,P0018,4,13496.99,5
OI002171,O00857,P0019,5,47165.5,20
OI002172,O00858,P0058,1,40605.35,15
OI002173,O00859,P0035,2,5485.48,20
OI002174,O00859,P0038,3,24433.8,0
OI002175,O00859,P0041,4,39030.24,5
OI002176,O00860,P0074,2,6534.84,20
OI002177,O00861,P0001,5,1148.58,0
OI002178,O00861,P0009,-1,46285.7,20
OI002179,O00861,P0053,3,47544.3,30
OI002180,O00861,P0022,2,41407.22,15
OI002181,O00862,P0023,5,8357.01,20
OI002182,O00862,P0036,1,3155.94,30
OI002183,O00862,P0067,5,9342.72,15
OI002184,O00862,P0058,2,4731.95,25
OI002185,O00863,P0050,5,46228.75,20
OI002186,O00864,P0062,1,3181.14,20
OI002187,O00865,P0012,1,28824.46,0
OI002188,O00866,P0060,1,49057.48,0
OI002189,O00866,P0041,2,21513.33,0
OI002190,O00867,P0030,4,2898.7,5
OI002191,O00867,P0026,1,1883.2,0
OI002192,O00867,P0056,5,15867.03,0
OI002193,O00868,P0062,3,45326.04,0
OI002194,O00869,P0072,3,35031.56,10
OI002195,O00869,P0019,5,26214.67,25
OI002196,O00869,P0076,5,28760.95,25
OI002197,O00870,P0017,5,13040.27,30
OI002198,O00870,P0015,4,41857.54,0
OI002199,O00870,P0080,5,46303.35,30
OI002200,O00871,P0040,5,4361.46,0
OI002201,O00871,P0005,3,16781.43,5
OI002202,O00872,P0072,5,20313.26,5
OI002203,O00872,P0009,4,44646.99,10
OI002204,O00872,P0047,4,12987.67,10
OI002205,O00873,P0020,4,26614.5,25
OI002206,O00873,P0035,5,21912.23,25
OI002207,O00873,P0058,2,29517.23,10
OI002208,O00874,P0039,5,25293.15,15
OI002209,O00874,P0023,3,40060.05,25
OI002210,O00874,P0039,4,45771.47,0
OI002211,O00875,P0043,-2,40861.14,15
OI002212,O00875,P0007,4,18165.28,20
OI002213,O00875,P0046,1,18370.05,25
OI002214,O00876,P0027,5,9342.92,0
OI002215,O00876,P0077,1,27156.9,20
OI002216,O00877,P0014,1,24795.88,15
OI002217,O00877,P0004,5,5310.41,10
OI002218,O00877,P0013,1,49839.87,30
OI002219,O00878,P0013,5,49317.44,0
OI002220,O00878,P0019,3,40320.71,30
OI002221,O00878,P0050,1,34415.2,5
OI002222,O00878,P0022,1,20454.61,20
OI002223,O00879,P0041,3,35006.97,0
OI002224,O00879,P0023,1,44675.2,5
OI002225,O00880,P0057,3,39300.45,20
OI002226,O00880,P0008,1,8105.96,25
OI002227,O00881,P0011,3,5771.94,10
OI002228,O00882,P0045,5,13166.58,20
OI002229,O00882,P0005,4,14305.35,30
OI002230,O00883,P0057,2,42265.11,30
OI002231,O00884,P0046,5,33785.05,0
OI002232,O00885,P0009,1,733.71,25
OI002233,O00885,P0037,5,11007.53,15
OI002234,O00886,P0027,5,6146.25,15
OI002235,O00887,P0017,1,43944.77,25
OI002236,O00887,P0006,5,30675.84,15
OI002237,O00887,P0009,1,27252.36,0
OI002238,O00888,P0044,5,30925.82,5
OI002239,O00888,P0070,3,17468.88,10
OI002240,O00889,P0073,3,7538.77,20
OI002241,O00889,P0050,1,1904.57,25
OI002242,O00889,P0063,5,47043.37,0
OI002243,O00890,P0051,5,21566.54,0
OI002244,O00891,P0070,-3,22101.81,15
OI002245,O00892,P0031,4,25172.45,5
OI002246,O00893,P0025,5,42451.83,15
OI002247,O00893,P0075,3,43128.93,0
OI002248,O00894,P0051,4,23059.19,5
OI002249,O00895,P0042,1,11093.82,20
OI002250,O00895,P0002,1,24788.21,25
OI002251,O00895,P0041,3,6717.89,25
OI002252,O00896,P0037,1,23104.08,15
OI002253,O00896,P0024,5,3292.13,5
OI002254,O00897,P0029,2,15558.83,0
OI002255,O00897,P0009,1,36927.13,0
OI002256,O00898,P0054,1,17969.43,0
OI002257,O00899,P0066,3,12338.04,5
OI002258,O00899,P0015,1,19355.3,30
OI002259,O00899,P0029,2,30909.25,0
OI002260,O00899,P0037,3,47894.97,30
OI002261,O00900,P0073,5,39550.23,30
OI002262,O00900,P0042,5,43070.01,0
OI002263,O00900,P0022,5,36913.1,25
OI002264,O00901,P0022,4,2559.7,10
OI002265,O00901,P0054,2,39917.64,5
OI002266,O00901,P0059,3,17847.73,5
OI002267,O00902,P0033,4,49169.34,0
OI002268,O00903,P0001,4,5948.09,20
OI002269,O00903,P0021,2,35756.29,0
OI002270,O00904,P0025,4,35096.1,5
OI002271,O00904,P0013,5,36346.47,5
OI002272,O00905,P0046,5,39337.4,30
OI002273,O00906,P0047,5,4949.55,0
OI002274,O00907,P0065,4,10768.94,20
OI002275,O00908,P0071,5,4307.26,20
OI002276,O00908,P0073,4,34590.8,30
OI002277,O00908,P0022,-2,27911.65,0
OI002278,O00909,P0044,2,24067.82,10
OI002279,O00910,P0071,4,30530.66,5
OI002280,O00911,P0023,5,13986.52,15
OI002281,O00911,P0007,1,49772.59,5
OI002282,O00911,P0022,4,8335.05,0
OI002283,O00911,P0023,5,10884.13,15
OI002284,O00912,P0030,2,33208.65,5
OI002285,O00912,P0008,3,4661.86,15
OI002286,O00913,P0036,2,36624.33,0
OI002287,O00913,P0009,4,48703.42,20
OI002288,O00913,P0074,5,35599.37,0
OI002289,O00913,P0017,1,6597.14,10
OI002290,O00914,P0036,2,11146.12,5
OI002291,O00915,P0057,4,18118.97,5
OI002292,O00915,P0014,2,18803.3,10
OI002293,O00916,P0017,5,4903.47,20
OI002294,O00917,P0053,3,19944.68,0
OI002295,O00918,P0045,5,11732.75,30
OI002296,O00919,P0059,3,20044.71,0
OI002297,O00919,P0079,5,11406.19,0
OI002298,O00919,P0003,2,49535.75,0
OI002299,O00919,P0054,1,23616.4,25
OI002300,O00920,P0021,5,37516.44,10
OI002301,O00921,P0004,3,12585.09,15
OI002302,O00922,P0080,4,19746.13,5
OI002303,O00923,P0026,1,21135.03,0
OI002304,O00924,P0047,4,27969.71,20
OI002305,O00925,P0051,4,47713.82,0
OI002306,O00925,P0050,2,35096.2,5
OI002307,O00925,P0011,5,25729.21,25
OI002308,O00925,P0047,3,3257.12,15
OI002309,O00926,P0039,1,22188.52,25
OI002310,O00926,P0051,-3,15481.94,10
OI002311,O00926,P0029,5,20987.41,0
OI002312,O00927,P0078,4,8571.92,10
OI002313,O00927,P0017,2,19420.68,25
OI002314,O00927,P0016,1,14952.01,5
OI002315,O00928,P0028,4,33356.86,20
OI002316,O00928,P0072,3,13511.11,5
OI002317,O00928,P0013,5,42544.98,0
OI002318,O00929,P0077,5,5129.78,25
OI002319,O00929,P0019,2,36286.66,0
OI002320,O00929,P0077,5,34214.24,15
OI002321,O00929,P0029,2,28095.35,10
OI002322,O00930,P0037,4,48711.89,5
OI002323,O00930,P0047,1,18392.36,10
OI002324,O00931,P0032,3,47474.45,0
OI002325,O00931,P0031,1,4164.61,20
OI002326,O00932,P0052,1,18849.64,15
OI002327,O00932,P0048,4,38973.51,25
OI002328,O00932,P0073,3,25094.13,30
OI002329,O00932,P0052,5,35677.29,15
OI002330,O00933,P0026,3,48360.95,25
OI002331,O00933,P0048,5,23741.36,15
OI002332,O00933,P0051,4,46576.87,25
OI002333,O00934,P0056,2,45320.75,5
OI002334,O00935,P0023,3,14456.15,0
OI002335,O00936,P0074,3,46283.33,15
OI002336,O00937,P0044,2,38080.79,5
OI002337,O00938,P0048,5,19219.02,15
OI002338,O00938,P0058,2,5863.87,10
OI002339,O00938,P0002,4,43538.26,15
OI002340,O00939,P0031,3,38901.75,0
OI002341,O00939,P0035,2,19394.1,15
OI002342,O00940,P0034,5,29280.18,10
OI002343,O00941,P0054,-2,38893.39,15
OI002344,O00941,P0028,1,22777.06,25
OI002345,O00942,P0059,2,5436.43,0
OI002346,O00942,P0004,5,32369.43,0
OI002347,O00943,P0068,3,46007.69,5
OI002348,O00943,P0016,1,18575.93,30
OI002349,O00943,P0012,5,14222.35,5
OI002350,O00943,P0027,3,40828.36,15
OI002351,O00944,P0056,5,39926.15,15
OI002352,O00944,P0035,4,2668.32,30
OI002353,O00945,P0021,1,34652.17,25
OI002354,O00945,P0044,2,11322.58,30
OI002355,O00946,P0058,2,28970.91,25
OI002356,O00946,P0042,4,9617.94,30
OI002357,O00946,P0001,1,14113.2,0
OI002358,O00946,P0006,3,40810.73,30
OI002359,O00947,P0004,3,16442.81,0
OI002360,O00948,P0004,2,24321.29,5
OI002361,O00949,P0009,3,9518.85,30
OI002362,O00949,P0025,1,21414.78,15
OI002363,O00950,P0074,1,38519.66,10
OI002364,O00950,P0051,5,40354.62,0
OI002365,O00951,P0022,1,10123.36,10
OI002366,O00951,P0049,5,17456.7,5
OI002367,O00951,P0067,4,9006.51,0
OI002368,O00951,P0077,2,28886.77,30
OI002369,O00952,P0045,2,36027.04,20
OI002370,O00952,P0028,2,7630.84,5
OI002371,O00953,P0030,5,9707.68,5
OI002372,O00953,P0001,3,18338.63,30
OI002373,O00953,P0029,3,11468.72,10
OI002374,O00953,P0055,4,4583.6,20
OI002375,O00954,P0061,4,4808.99,0
OI002376,O00955,P0006,-1,19607.23,30
OI002377,O00955,P0016,5,40394.56,10
OI002378,O00955,P0049,1,5158.85,30
OI002379,O00955,P0016,2,19972.18,20
OI002380,O00956,P0072,5,31697.97,5
OI002381,O00956,P0012,4,33394.48,25
OI002382,O00957,P0069,3,39022.7,30
OI002383,O00957,P0026,3,22270.16,15
OI002384,O00957,P0017,2,10688.55,10
OI002385,O00958,P0019,2,46002.22,0
OI002386,O00958,P0014,5,14778.84,5
OI002387,O00959,P0072,5,7925.58,5
OI002388,O00959,P0023,3,20400.11,25
OI002389,O00959,P0024,5,49646.91,20
OI002390,O00960,P0048,1,45035.85,10
OI002391,O00960,P0062,2,3566.79,0
OI002392,O00961,P0035,4,34262.79,30
OI002393,O00962,P0014,2,564.07,20
OI002394,O00962,P0030,5,47501.45,0
OI002395,O00962,P0072,3,7637.73,0
OI002396,O00963,P0050,2,20214.31,0
OI002397,O00963,P0066,3,33282.52,10
OI002398,O00964,P0047,4,3397.06,15
OI002399,O00964,P0061,1,18236.22,15
OI002400,O00964,P0073,1,40014.29,0
OI002401,O00964,P0048,1,21548.92,15
OI002402,O00965,P0010,5,38379.75,20
OI002403,O00966,P0055,3,1091.12,0
OI002404,O00966,P0074,4,29723.15,10
OI002405,O00966,P0076,3,22680.25,30
OI002406,O00967,P0024,1,23988.73,0
OI002407,O00967,P0018,1,12867.64,25
OI002408,O00967,P0021,1,3788.25,30
OI002409,O00968,P0018,-1,15547.18,10
OI002410,O00969,P0056,5,20325.8,30
OI002411,O00969,P0052,1,28428.14,30
OI002412,O00970,P0010,2,21461.53,30
OI002413,O00970,P0030,1,39945.02,5
OI002414,O00971,P0057,4,33828.77,0
OI002415,O00971,P0059,3,34848.78,30
OI002416,O00972,P0046,2,42072.84,10
OI002417,O00972,P0074,3,10350.01,0
OI002418,O00972,P0049,3,15611.14,0
OI002419,O00972,P0066,5,31937.48,5
OI002420,O00973,P0016,2,2522.61,0
OI002421,O00973,P0076,1,17760.65,0
OI002422,O00974,P0063,4,13796.3,15
OI002423,O00974,P0073,4,40027.16,15
OI002424,O00974,P0062,1,35620.58,0
OI002425,O00975,P0054,5,23347.29,15
OI002426,O00975,P0040,5,33352.72,25
OI002427,O00976,P0052,3,28726.69,30
OI002428,O00976,P0040,1,21134.53,10
OI002429,O00976,P0050,3,21474.86,0
OI002430,O00976,P0033,3,1893.06,25
OI002431,O00977,P0046,3,35026.82,30
OI002432,O00977,P0026,1,29545.95,25
OI002433,O00978,P0073,4,30918.82,30
OI002434,O00978,P0057,1,5718.02,20
OI002435,O00978,P0018,5,34873.29,10
OI002436,O00979,P0027,1,34812.39,30
OI002437,O00979,P0002,2,18558.34,0
OI002438,O00979,P0021,5,8264.84,25
OI002439,O00980,P0055,3,11929.84,0
OI002440,O00980,P0041,5,14676.55,20
OI002441,O00981,P0045,3,20843.89,25
OI002442,O00981,P0032,-2,37747.53,15
OI002443,O00981,P0029,3,35524.57,0
OI002444,O00981,P0040,5,6285.29,10
OI002445,O00982,P0034,3,29021.39,15
OI002446,O00982,P0029,5,44075.65,25
OI002447,O00983,P0003,5,38013.76,5
OI002448,O00983,P0019,2,2625.28,20
OI002449,O00983,P0065,4,6633.11,30
OI002450,O00984,P0074,5,32216.63,15
OI002451,O00984,P0013,2,8095.24,0
OI002452,O00985,P0017,1,34640.78,0
OI002453,O00985,P0062,1,24076.78,15
OI002454,O00985,P0067,3,9837.64,25
OI002455,O00985,P0048,3,23762.73,5
OI002456,O00986,P0005,2,755.49,15
OI002457,O00986,P0036,5,21783.66,15
OI002458,O00987,P0009,2,36245.84,10
OI002459,O00987,P0073,1,41192.29,5
OI002460,O00987,P0046,1,7033.93,0
OI002461,O00987,P0027,4,16832.59,25
OI002462,O00988,P0068,5,19732.41,20
OI002463,O00988,P0075,3,31493.22,30
OI002464,O00988,P0001,5,47011.04,0
OI002465,O00989,P0009,3,35364.36,15
OI002466,O00989,P0025,3,34864.21,25
OI002467,O00990,P0029,1,3855.83,20
OI002468,O00990,P0007,2,15007.01,5
OI002469,O00990,P0025,4,8089.17,5
OI002470,O00990,P0005,2,9946.41,30
OI002471,O00991,P0024,3,20477.23,0
OI002472,O00991,P0003,3,11791.54,30
OI002473,O00991,P0075,4,25345.63,25
OI002474,O00992,P0005,5,39625.62,20
OI002475,O00993,P0073,-2,37724.85,0
OI002476,O00993,P0020,1,32420.0,30
OI002477,O00994,P0037,1,23424.36,10
OI002478,O00994,P0005,3,10590.01,20
OI002479,O00994,P0008,2,11611.95,20
OI002480,O00994,P0007,2,8308.85,15
OI002481,O00995,P0051,3,9263.41,20
OI002482,O00995,P0021,2,10251.83,5
OI002483,O00995,P0080,2,713.63,0
OI002484,O00995,P0018,3,20213.32,0
OI002485,O00996,P0027,1,11678.66,10
OI002486,O00996,P0026,3,20562.5,30
OI002487,O00997,P0016,4,39219.83,20
OI002488,O00998,P0057,4,7314.22,30
OI002489,O00999,P0041,2,44957.59,0
OI002490,O00999,P0023,3,32177.31,10
OI002491,O00999,P0008,1,47092.72,5
OI002492,O01000,P0075,5,38536.73,30
OI002493,O01000,P0022,2,1694.91,15
OI002494,O01001,P0006,2,27124.14,30
OI002495,O01001,P0009,5,40522.6,0
OI002496,O01002,P0059,2,47891.19,5
OI002497,O01003,P0007,3,3159.86,25
OI002498,O01003,P0034,5,23262.86,0
OI002499,O01003,P0061,4,16225.47,15
OI002500,O01004,P0014,5,39386.32,5
OI002501,O01004,P0034,1,19469.29,10
OI002502,O01004,P0069,4,7915.79,30
OI002503,O01004,P0019,3,25413.02,0
OI002504,O01005,P0020,3,30040.16,20
OI002505,O01005,P0050,4,37972.91,15
OI002506,O01006,P0065,2,47370.93,30
OI002507,O01006,P0032,2,22705.63,0
OI002508,O01006,P0024,-1,4455.68,0
OI002509,O01007,P0068,4,48309.01,0
OI002510,O01008,P0045,5,20942.45,0
OI002511,O01008,P0010,4,42789.12,30
OI002512,O01009,P0005,2,30013.65,20
OI002513,O01009,P0014,5,48588.31,15
OI002514,O01009,P0046,2,30009.34,0
OI002515,O01010,P0014,2,8981.27,30
OI002516,O01010,P0050,3,12676.22,30
OI002517,O01010,P0024,2,1317.83,15
OI002518,O01010,P0020,2,5871.1,5
OI002519,O01011,P0042,3,29657.35,25
OI002520,O01011,P0025,2,37066.89,0
OI002521,O01011,P0070,2,10317.24,15
OI002522,O01011,P0038,3,22280.23,0
OI002523,O01012,P0065,5,25080.01,20
OI002524,O01012,P0002,3,23365.09,5
OI002525,O01012,P0002,3,30789.02,25
OI002526,O01013,P0010,5,38362.91,20
OI002527,O01013,P0025,4,24967.55,5
OI002528,O01013,P0051,4,31824.38,10
OI002529,O01014,P0077,3,20852.21,15
OI002530,O01014,P0024,4,46083.77,30
OI002531,O01015,P0022,2,45624.41,5
OI002532,O01015,P0003,4,4257.53,25
OI002533,O01015,P0045,5,4414.82,5
OI002534,O01016,P0048,5,36325.11,5
OI002535,O01017,P0076,3,6072.02,20
OI002536,O01017,P0053,2,2341.57,20
OI002537,O01018,P0075,4,11821.42,10
OI002538,O01018,P0060,2,32376.19,5
OI002539,O01018,P0080,3,33288.0,5
OI002540,O01019,P0056,4,4030.89,15
OI002541,O01020,P0071,-1,9927.95,0
OI002542,O01021,P0069,1,2419.57,10
OI002543,O01021,P0021,1,40991.37,0
OI002544,O01022,P0020,1,47500.4,5
OI002545,O01022,P0010,3,37521.87,0
OI002546,O01023,P0069,2,43519.08,25
OI002547,O01023,P0069,4,49573.84,15
OI002548,O01023,P0002,1,38237.9,0
OI002549,O01024,P0034,5,26977.38,25
OI002550,O01024,P0040,3,37566.31,0
OI002551,O01024,P0006,4,9088.65,30
OI002552,O01025,P0068,4,12416.46,20
OI002553,O01025,P0067,3,38852.93,25
OI002554,O01025,P0052,3,47300.15,25
OI002555,O01025,P0040,1,29890.72,5
OI002556,O01026,P0038,2,5811.7,5
OI002557,O01026,P0056,2,9157.52,10
OI002558,O01027,P0003,3,34586.31,0
OI002559,O01027,P0037,2,30683.78,10
OI002560,O01028,P0037,4,46898.63,0
OI002561,O01029,P0061,5,22464.05,25
OI002562,O01030,P0074,5,5052.62,5
OI002563,O01030,P0066,2,5766.96,0
OI002564,O01030,P0008,2,43790.37,25
OI002565,O01031,P0003,2,35384.96,0
OI002566,O01031,P0001,3,46828.25,5
OI002567,O01031,P0070,3,9871.24,25
OI002568,O01031,P0025,1,441.48,0
OI002569,O01032,P0023,3,12402.52,10
OI002570,O01032,P0071,1,46782.05,5
OI002571,O01032,P0054,5,8753.08,0
OI002572,O01033,P0058,4,26815.6,25
OI002573,O01034,P0059,4,46694.73,10
OI002574,O01034,P0023,-1,44130.2,25
OI002575,O01035,P0028,4,20523.57,0
OI002576,O01035,P0065,3,31841.24,25
OI002577,O01036,P0051,4,5461.55,25
OI002578,O01036,P0071,3,48265.33,0
OI002579,O01037,P0010,2,7963.86,5
OI002580,O01038,P0029,5,7829.64,10
OI002581,O01038,P0045,2,23189.06,0
OI002582,O01039,P0042,1,20451.52,30
OI002583,O01039,P0064,4,4974.85,0
OI002584,O01039,P0055,3,41319.71,5
OI002585,O01039,P0001,5,26251.67,15
OI002586,O01040,P0010,5,6589.92,30
OI002587,O01040,P0053,1,23167.05,0
OI002588,O01041,P0076,4,29082.88,10
OI002589,O01041,P0070,3,17659.69,30
OI002590,O01041,P0023,1,49536.12,5
OI002591,O01042,P0049,3,34872.58,25
OI002592,O01042,P0069,4,38245.04,20
OI002593,O01042,P0074,1,7133.7,30
OI002594,O01042,P0027,3,30932.95,5
OI002595,O01043,P0042,2,30216.61,25
OI002596,O01043,P0002,4,36974.16,5
OI002597,O01043,P0075,5,1368.12,15
OI002598,O01044,P0019,5,20747.29,15
OI002599,O01044,P0009,4,28811.19,25
OI002600,O01044,P0063,1,28231.18,30
OI002601,O01044,P0040,4,12931.78,20
OI002602,O01045,P0052,3,3994.58,10
OI002603,O01045,P0078,5,42387.25,0
OI002604,O01045,P0053,4,12315.96,30
OI002605,O01046,P0027,4,36720.54,0
OI002606,O01046,P0049,3,38876.19,0
OI002607,O01046,P0034,-2,741.35,5
OI002608,O01047,P0002,3,48251.42,0
OI002609,O01047,P0005,2,20073.96,30
OI002610,O01047,P0006,4,20160.68,0
OI002611,O01047,P0003,5,9162.29,15
OI002612,O01048,P0067,1,38566.08,0
OI002613,O01048,P0072,5,28763.44,10
OI002614,O01048,P0006,3,24252.76,10
OI002615,O01049,P0034,1,27778.28,25
OI002616,O01049,P0031,1,7681.52,30
OI002617,O01049,P0048,1,2600.35,10
OI002618,O01049,P0006,3,36080.14,25
OI002619,O01050,P0076,5,17955.58,10
OI002620,O01051,P0046,4,14816.0,15
OI002621,O01052,P0057,5,33332.08,15
OI002622,O01052,P0056,4,28581.74,30
OI002623,O01053,P0016,5,23737.18,25
OI002624,O01054,P0004,1,31643.41,10
OI002625,O01055,P0048,1,2618.37,15
OI002626,O01055,P0038,3,47497.27,15
OI002627,O01055,P0017,5,29866.47,0
OI002628,O01055,P0051,4,13894.37,20
OI002629,O01056,P0072,4,40970.39,20
OI002630,O01056,P0022,3,47014.93,25
OI002631,O01056,P0019,2,6062.25,20
OI002632,O01056,P0079,5,21950.35,30
OI002633,O01057,P0041,4,38463.89,5
OI002634,O01057,P0024,1,30547.17,20
OI002635,O01058,P0028,3,22118.95,0
OI002636,O01058,P0034,4,15538.33,25
OI002637,O01059,P0070,3,34315.53,20
OI002638,O01059,P0048,5,11336.16,25
OI002639,O01059,P0042,2,5045.35,10
OI002640,O01060,P0041,-2,41564.23,5
OI002641,O01060,P0037,3,36500.54,10
OI002642,O01061,P0022,5,3053.74,10
OI002643,O01062,P0017,2,47338.62,0
OI002644,O01062,P0061,2,46176.0,5
OI002645,O01062,P0060,4,8063.38,15
OI002646,O01062,P0069,5,36642.44,20
OI002647,O01063,P0042,5,16405.02,5
OI002648,O01063,P0075,3,8722.98,20
OI002649,O01063,P0018,3,5294.81,0
OI002650,O01064,P0063,3,30843.65,30
OI002651,O01064,P0009,1,16965.42,0
OI002652,O01064,P0068,1,18322.82,0
OI002653,O01065,P0058,4,15536.0,30
OI002654,O01065,P0030,3,32021.77,20
OI002655,O01065,P0019,3,22058.43,15
OI002656,O01066,P0060,1,17981.25,15
OI002657,O01067,P0026,3,14646.9,10
OI002658,O01067,P0005,3,11760.56,0
OI002659,O01067,P0029,2,6459.39,10
OI002660,O01067,P0054,1,43723.88,0
OI002661,O01068,P0031,5,45942.6,5
OI002662,O01068,P0055,1,25770.75,5
OI002663,O01069,P0046,2,24125.97,30
OI002664,O01070,P0002,3,41403.69,25
OI002665,O01070,P0024,3,34292.49,20
OI002666,O01071,P0016,4,34652.6,25
OI002667,O01071,P0042,2,46347.46,10
OI002668,O01072,P0066,1,5300.98,0
OI002669,O01072,P0046,4,34356.56,10
OI002670,O01072,P0038,3,43500.49,30
OI002671,O01072,P0012,4,22273.98,25
OI002672,O01073,P0076,4,29545.3,0
OI002673,O01073,P0040,-1,40728.22,5
OI002674,O01074,P0049,4,13284.16,20
OI002675,O01074,P0007,5,29480.21,0
OI002676,O01074,P0005,1,2649.15,20
OI002677,O01075,P0030,5,1093.85,10
OI002678,O01075,P0044,2,4986.18,0
OI002679,O01075,P0070,5,20627.54,15
OI002680,O01075,P0037,2,32614.92,25
OI002681,O01076,P0066,5,15052.65,30
OI002682,O01076,P0075,3,22042.51,20
OI002683,O01076,P0063,3,31846.69,20
OI002684,O01077,P0067,1,42168.7,0
OI002685,O01077,P0023,2,3804.99,30
OI002686,O01078,P0018,3,26558.61,10
OI002687,O01079,P0011,4,965.84,20
OI002688,O01079,P0075,5,15137.62,15
OI002689,O01079,P0043,1,39547.9,10
OI002690,O01079,P0055,4,38087.33,5
OI002691,O01080,P0067,1,4379.26,10
OI002692,O01080,P0004,2,26526.12,20
OI002693,O01080,P0056,5,5925.33,0
OI002694,O01080,P0074,2,30585.29,30
OI002695,O01081,P0036,3,28927.78,0
OI002696,O01082,P0014,4,23533.51,0
OI002697,O01082,P0048,3,7603.4,25
OI002698,O01083,P0075,2,11245.31,20
OI002699,O01083,P0012,3,37289.55,0
OI002700,O01083,P0060,1,38497.91,20
OI002701,O01083,P0025,2,33748.39,0
OI002702,O01084,P0016,5,12246.27,0
OI002703,O01085,P0032,5,6501.1,30
OI002704,O01086,P0018,3,17640.7,10
OI002705,O01086,P0055,1,28804.9,20
OI002706,O01086,P0069,-3,35929.65,0
OI002707,O01087,P0042,1,43996.15,15
OI002708,O01087,P0028,4,10527.56,0
OI002709,O01087,P0044,5,24935.42,25
OI002710,O01088,P0018,4,4173.58,20
OI002711,O01088,P0066,5,20196.93,10
OI002712,O01088,P0027,3,12289.23,0
OI002713,O01088,P0001,3,27341.5,25
OI002714,O01089,P0047,3,22655.55,10
OI002715,O01090,P0043,4,41065.47,10
OI002716,O01091,P0073,2,18014.15,0
OI002717,O01091,P0013,4,14686.32,25
OI002718,O01091,P0079,1,33086.23,10
OI002719,O01091,P0061,4,9290.11,0
OI002720,O01092,P0070,5,21235.75,25
OI002721,O01092,P0053,1,17319.99,10
OI002722,O01093,P0023,5,4339.79,15
OI002723,O01093,P0033,1,40895.76,25
OI002724,O01093,P0010,1,44691.74,30
OI002725,O01094,P0027,3,26886.81,15
OI002726,O01094,P0053,3,2381.97,20
OI002727,O01094,P0016,1,9648.24,0
OI002728,O01095,P0063,2,661.56,5
OI002729,O01095,P0063,4,10624.4,5
OI002730,O01096,P0034,3,33902.5,30
OI002731,O01097,P0068,5,11688.36,20
OI002732,O01098,P0003,5,20735.13,0
OI002733,O01098,P0054,4,20256.06,0
OI002734,O01099,P0023,5,26944.91,15
OI002735,O01099,P0079,5,22853.65,15
OI002736,O01100,P0045,1,42820.01,10
OI002737,O01100,P0043,5,37493.68,30
OI002738,O01100,P0018,4,6383.47,15
OI002739,O01101,P0003,-3,48002.81,0
OI002740,O01101,P0014,4,41997.4,15
OI002741,O01102,P0026,3,47368.77,0
OI002742,O01103,P0027,5,23627.19,20
OI002743,O01103,P0066,2,36681.83,10
OI002744,O01103,P0052,3,38108.8,30
OI002745,O01103,P0002,3,4941.08,0
OI002746,O01104,P0080,1,47118.46,20
OI002747,O01105,P0066,4,48473.9,5
OI002748,O01105,P0070,2,19945.93,20
OI002749,O01106,P0022,1,46210.53,0
OI002750,O01106,P0022,2,44748.32,0
OI002751,O01106,P0046,4,23225.81,0
OI002752,O01107,P0036,1,1229.09,30
OI002753,O01107,P0076,3,5210.31,10
OI002754,O01107,P0021,3,18718.76,10
OI002755,O01108,P0008,5,24265.38,15
OI002756,O01109,P0019,2,37594.98,30
OI002757,O01110,P0076,5,23864.8,25
OI002758,O01111,P0074,4,10433.13,5
OI002759,O01111,P0048,1,49594.83,15
OI002760,O01111,P0019,2,14658.23,15
OI002761,O01112,P0023,4,5209.02,0
OI002762,O01112,P0005,2,15447.57,25
OI002763,O01113,P0049,2,2750.46,0
OI002764,O01114,P0070,4,22570.38,5
OI002765,O01114,P0008,2,39007.04,0
OI002766,O01115,P0031,4,44689.81,25
OI002767,O01115,P0018,1,28669.25,10
OI002768,O01115,P0053,5,29273.77,0
OI002769,O01116,P0060,4,30344.53,0
OI002770,O01116,P0008,1,24872.91,5
OI002771,O01116,P0043,5,48293.42,0
OI002772,O01117,P0028,-2,4701.39,0
OI002773,O01117,P0058,2,8222.32,0
OI002774,O01117,P0027,5,40696.6,0
OI002775,O01117,P0066,4,44258.83,25
OI002776,O01118,P0019,2,6217.53,15
OI002777,O01118,P0041,3,37238.21,0
OI002778,O01118,P0064,1,28581.6,0
OI002779,O01118,P0061,1,22875.71,15
OI002780,O01119,P0053,1,49166.71,5
OI002781,O01119,P0029,3,14833.5,5
OI002782,O01120,P0047,2,4868.94,25
OI002783,O01120,P0002,2,17280.48,10
OI002784,O01121,P0011,2,47728.91,0
OI002785,O01121,P0075,3,15428.27,30
OI002786,O01121,P0061,2,18947.42,0
OI002787,O01122,P0024,4,32167.25,20
OI002788,O01122,P0041,1,11426.3,5
OI002789,O01123,P0053,1,32664.4,15
OI002790,O01123,P0072,1,48532.94,5
OI002791,O01123,P0035,3,41401.27,20
OI002792,O01123,P0075,5,17700.09,25
OI002793,O01124,P0017,1,5538.46,0
OI002794,O01125,P0069,5,46128.82,0
OI002795,O01125,P0022,4,27139.51,25
OI002796,O01125,P0037,5,40166.1,25
OI002797,O01126,P0062,5,21541.0,25
OI002798,O01126,P0017,2,23314.55,0
OI002799,O01126,P0002,5,26394.57,15
OI002800,O01127,P0034,1,25680.8,10
OI002801,O01127,P0057,5,48826.98,0
OI002802,O01127,P0074,1,24662.11,5
OI002803,O01127,P0011,4,15213.58,0
OI002804,O01128,P0074,5,46681.18,10
OI002805,O01128,P0051,-3,31360.03,10
OI002806,O01128,P0042,2,14110.47,15
OI002807,O01128,P0066,4,13703.35,0
OI002808,O01129,P0016,2,28810.69,25
OI002809,O01129,P0041,3,21726.75,5
OI002810,O01130,P0022,1,49894.09,10
OI002811,O01131,P0019,1,18124.16,20
OI002812,O01131,P0001,2,38127.78,0
OI002813,O01131,P0008,1,1154.14,25
OI002814,O01131,P0032,3,37252.89,25
OI002815,O01132,P0031,5,5783.69,0
OI002816,O01132,P0001,5,26174.34,0
OI002817,O01132,P0016,3,6175.77,0
OI002818,O01132,P0003,5,47758.51,0
OI002819,O01133,P0073,2,41064.9,5
OI002820,O01133,P0064,2,46707.49,30
OI002821,O01133,P0080,1,19563.18,20
OI002822,O01133,P0039,5,49452.35,0
OI002823,O01134,P0062,3,19578.27,0
OI002824,O01134,P0007,1,46087.63,15
OI002825,O01134,P0029,2,21869.46,0
OI002826,O01134,P0032,4,4353.48,0
OI002827,O01135,P0041,1,33192.1,20
OI002828,O01136,P0043,5,7290.7,15
OI002829,O01136,P0020,1,9658.35,15
OI002830,O01136,P0002,1,18310.19,20
OI002831,O01137,P0036,4,20703.01,30
OI002832,O01137,P0042,4,47186.62,15
OI002833,O01138,P0075,3,43195.7,25
OI002834,O01138,P0057,2,35876.67,0
OI002835,O01138,P0008,5,7112.92,0
OI002836,O01139,P0070,1,34513.74,5
OI002837,O01139,P0018,2,25788.61,15
OI002838,O01140,P0020,-1,1925.61,20
OI002839,O01141,P0064,3,34519.15,5
OI002840,O01142,P0030,3,31949.38,10
OI002841,O01142,P0053,3,8198.53,10
OI002842,O01142,P0045,4,1115.49,15
OI002843,O01142,P0012,2,31082.81,5
OI002844,O01143,P0014,5,6030.72,25
OI002845,O01143,P0009,2,39368.51,20
OI002846,O01143,P0045,5,1140.47,25
OI002847,O01144,P0005,1,23366.25,5
OI002848,O01145,P0008,3,21466.91,0
OI002849,O01145,P0007,1,6607.39,10
OI002850,O01146,P0059,1,1723.83,5
OI002851,O01146,P0026,2,28497.97,25
OI002852,O01147,P0045,1,6473.4,15
OI002853,O01148,P0002,4,36837.57,25
OI002854,O01148,P0042,2,47797.08,15
OI002855,O01148,P0040,4,36338.95,15
OI002856,O01149,P0019,4,21093.36,10
OI002857,O01149,P0039,4,41304.57,0
OI002858,O01150,P0080,1,16811.59,0
OI002859,O01151,P0064,2,48210.93,15
OI002860,O01151,P0063,2,13158.78,20
OI002861,O01151,P0072,4,4382.94,25
OI002862,O01152,P0021,3,37903.9,5
OI002863,O01152,P0059,2,19863.49,0
OI002864,O01153,P0054,4,46763.63,25
OI002865,O01153,P0020,2,13984.08,0
OI002866,O01153,P0080,4,44222.74,25
OI002867,O01153,P0070,4,25654.18,15
OI002868,O01154,P0061,4,41536.0,5
OI002869,O01154,P0075,1,32045.82,20
OI002870,O01154,P0002,1,20785.85,0
OI002871,O01155,P0065,-2,49672.73,5
OI002872,O01155,P0017,2,15832.05,15
OI002873,O01155,P0027,3,2918.97,25
OI002874,O01156,P0071,2,47386.85,5
OI002875,O01156,P0012,3,39583.84,25
OI002876,O01156,P0033,5,36978.18,20
OI002877,O01156,P0021,3,13024.7,5
OI002878,O01157,P0052,3,40101.23,0
OI002879,O01158,P0013,5,24779.62,10
OI002880,O01159,P0068,2,23314.07,0
OI002881,O01160,P0030,3,11461.03,15
OI002882,O01160,P0065,5,40363.0,0
OI002883,O01160,P0068,5,14042.07,25
OI002884,O01160,P0069,1,49655.35,25
OI002885,O01161,P0003,3,42375.43,0
OI002886,O01161,P0006,2,4782.62,20
OI002887,O01161,P0040,2,32911.45,15
OI002888,O01162,P0024,2,43193.7,0
OI002889,O01163,P0007,3,30662.21,25
OI002890,O01163,P0001,2,24959.4,0
OI002891,O01163,P0065,4,2880.35,0
OI002892,O01163,P0026,2,3358.48,10
OI002893,O01164,P0077,4,27650.25,0
OI002894,O01165,P0012,3,1863.58,0
OI002895,O01166,P0039,4,40711.25,10
OI002896,O01166,P0014,4,37440.04,30
OI002897,O01167,P0006,1,44260.15,25
OI002898,O01167,P0020,3,34266.21,0
OI002899,O01167,P0065,3,5151.48,15
OI002900,O01167,P0060,5,16600.67,20
OI002901,O01168,P0016,1,10500.14,30
OI002902,O01169,P0029,3,26622.93,0
OI002903,O01169,P0003,4,46150.54,30
OI002904,O01169,P0067,-2,7095.69,30
OI002905,O01170,P0030,4,5819.57,25
OI002906,O01171,P0055,1,27738.11,0
OI002907,O01172,P0020,2,44714.42,25
OI002908,O01172,P0033,4,24647.9,0
OI002909,O01172,P0069,2,24386.94,10
OI002910,O01172,P0006,4,43945.76,0
OI002911,O01173,P0024,3,27464.74,20
OI002912,O01174,P0060,5,1816.02,5
OI002913,O01174,P0033,3,9909.19,5
OI002914,O01174,P0028,4,48209.44,5
OI002915,O01175,P0051,5,2143.06,25
OI002916,O01176,P0071,3,42384.07,15
OI002917,O01176,P0051,4,1241.17,30
OI002918,O01176,P0046,1,21987.3,0
OI002919,O01176,P0032,5,42522.8,20
OI002920,O01177,P0012,3,2982.21,0
OI002921,O01177,P0053,3,41216.71,25
OI002922,O01178,P0001,4,46405.25,10
OI002923,O01179,P0047,1,48966.45,15
OI002924,O01179,P0021,3,42464.6,0
OI002925,O01180,P0074,2,14605.78,15
OI002926,O01180,P0065,1,11214.43,0
OI002927,O01181,P0014,4,30134.18,0
OI002928,O01181,P0002,3,42943.04,0
OI002929,O01181,P0019,1,18572.97,0
OI002930,O01182,P0061,3,38241.62,25
OI002931,O01182,P0038,4,35717.53,10
OI002932,O01182,P0030,5,43159.46,10
OI002933,O01182,P0040,5,4763.08,0
OI002934,O01183,P0003,1,44053.11,15
OI002935,O01183,P0064,4,13163.94,5
OI002936,O01183,P0063,5,41058.08,25
OI002937,O01184,P0041,-1,27702.52,20
OI002938,O01185,P0018,5,38578.81,30
OI002939,O01186,P0043,1,6915.82,20
OI002940,O01186,P0073,4,25457.81,20
OI002941,O01186,P0047,3,7949.53,0
OI002942,O01186,P0077,4,8248.61,25
OI002943,O01187,P0020,3,39391.7,25
OI002944,O01188,P0036,4,38714.91,30
OI002945,O01188,P0019,1,18065.63,30
OI002946,O01188,P0014,1,23169.46,0
OI002947,O01189,P0016,3,19367.64,15
OI002948,O01189,P0062,5,49746.67,10
OI002949,O01189,P0062,1,11021.52,30
OI002950,O01189,P0041,3,48940.33,0
OI002951,O01190,P0057,3,41111.56,15
OI002952,O01190,P0065,3,35357.47,5
OI002953,O01191,P0007,2,28240.47,20
OI002954,O01191,P0034,4,34341.25,25
OI002955,O01191,P0019,4,9500.34,15
OI002956,O01191,P0006,4,20976.82,15
OI002957,O01192,P0002,4,32721.96,25
OI002958,O01192,P0027,2,24042.18,0
OI002959,O01193,P0044,2,36399.8,25
OI002960,O01193,P0061,4,34658.52,20
OI002961,O01194,P0028,5,21704.06,30
OI002962,O01194,P0078,1,20470.24,0
OI002963,O01195,P0067,5,49684.0,10
OI002964,O01195,P0023,1,34772.61,20
OI002965,O01195,P0031,3,549.82,0
OI002966,O01196,P0061,2,28991.1,0
OI002967,O01196,P0042,5,42724.28,25
OI002968,O01197,P0002,3,9794.64,20
OI002969,O01197,P0053,4,3124.21,30
OI002970,O01197,P0065,-2,25115.62,20
OI002971,O01198,P0033,2,21957.63,0
OI002972,O01198,P0076,1,12251.69,15
OI002973,O01198,P0019,2,23973.63,25
OI002974,O01199,P0059,2,9218.05,5
OI002975,O01199,P0023,2,24236.73,0
OI002976,O01200,P0060,3,32649.63,30
